{"stats":{"minecraft:custom":{"minecraft:interact_with_furnace":17,"minecraft:mob_kills":32,"minecraft:interact_with_cartography_table":1,"minecraft:interact_with_crafting_table":20,"minecraft:interact_with_loom":1,"minecraft:time_since_death":54939,"minecraft:sleep_in_bed":3,"minecraft:climb_one_cm":3663,"minecraft:waystone_activated":1,"minecraft:time_since_rest":10786,"minecraft:sprint_one_cm":174790,"minecraft:damage_taken":995,"minecraft:walk_one_cm":106602,"minecraft:drop":7,"minecraft:damage_dealt":4448,"minecraft:talked_to_villager":1,"minecraft:fly_one_cm":168636,"minecraft:open_chest":32,"minecraft:crouch_one_cm":1640,"minecraft:play_time":54939,"minecraft:sneak_time":1479,"minecraft:jump":745,"minecraft:walk_on_water_one_cm":33,"minecraft:total_world_time":54939,"minecraft:fall_one_cm":21455},"minecraft:crafted":{"minecraft:cooked_beef":8,"byg:jacaranda_planks":4,"minecraft:cooked_porkchop":2,"minecraft:spruce_planks":8,"minecraft:stone":8,"securitycraft:keypad_item":1,"minecraft:stone_axe":1,"minecraft:air":135,"minecraft:shield":1,"minecraft:iron_axe":1,"minecraft:iron_ingot":11,"minecraft:iron_shovel":1,"minecraft:chest":2,"minecraft:dark_oak_planks":32},"minecraft:used":{"minecraft:stone_sword":97,"minecraft:iron_shovel":22,"minecraft:birch_planks":2,"minecraft:stone_pickaxe":105,"minecraft:chest":9,"minecraft:ender_pearl":2,"minecraft:wooden_pickaxe":9,"minecraft:iron_sword":1,"minecraft:torch":25,"minecraft:dirt":36,"minecraft:mutton":1,"securitycraft:keypad_item":1,"minecraft:crafting_table":6,"minecraft:white_bed":3,"minecraft:dark_oak_planks":30,"minecraft:apple":1,"minecraft:iron_axe":8,"minecraft:iron_pickaxe":109,"minecraft:rooted_dirt":6,"minecraft:melon_slice":26,"waystones:mossy_waystone":1,"minecraft:rabbit_stew":1,"minecraft:stone_axe":50,"minecraft:cobblestone":35,"minecraft:furnace":4,"minecraft:cooked_porkchop":3,"minecraft:cooked_beef":1,"minecraft:golden_axe":3},"minecraft:killed":{"minecraft:pig":3,"alexsmobs:grizzly_bear":1,"minecraft:spider":1,"minecraft:sheep":11,"minecraft:skeleton":4,"minecraft:zombie":3,"minecraft:cow":6,"minecraft:enderman":2},"minecraft:dropped":{"alexsmobs:animal_dictionary":1,"minecraft:bowl":1,"minecraft:spruce_planks":5,"minecraft:andesite":5,"minecraft:arrow":4,"minecraft:wooden_pickaxe":1,"minecraft:paper":6},"minecraft:picked_up":{"minecraft:crafting_table":5,"minecraft:redstone_block":1,"minecraft:clay_ball":12,"minecraft:andesite":5,"minecraft:redstone_lamp":1,"minecraft:leather":10,"minecraft:potato":5,"minecraft:oak_log":6,"minecraft:golden_sword":1,"minecraft:gunpowder":6,"minecraft:dirt":40,"minecraft:name_tag":2,"minecraft:cooked_mutton":4,"minecraft:bone":5,"minecraft:apple":1,"irons_spellbooks:arcane_essence":4,"minecraft:wheat_seeds":2,"minecraft:beef":8,"minecraft:stone_pickaxe":1,"minecraft:enchanted_golden_apple":1,"minecraft:light_gray_wool":2,"minecraft:bamboo":24,"byg:jacaranda_log":14,"minecraft:melon_slice":50,"minecraft:chest":5,"minecraft:furnace":3,"minecraft:raw_iron":17,"minecraft:dark_oak_sapling":2,"minecraft:stick":2,"irons_spellbooks:frozen_bone":6,"minecraft:cooked_porkchop":1,"minecraft:torch":18,"minecraft:golden_axe":1,"waystones:mossy_waystone":1,"minecraft:amethyst_shard":3,"minecraft:porkchop":15,"farmersdelight:tomato_seeds":8,"minecraft:white_bed":1,"minecraft:spruce_log":2,"minecraft:dark_oak_log":8,"minecraft:mossy_cobblestone":1,"minecraft:dark_oak_planks":8,"minecraft:arrow":4,"minecraft:rotten_flesh":3,"minecraft:gray_wool":1,"minecraft:saddle":1,"evilcraft:condensed_blood":13,"minecraft:rooted_dirt":6,"irons_spellbooks:scroll":4,"minecraft:black_wool":1,"minecraft:mutton":36,"minecraft:coal":23,"minecraft:white_wool":6,"minecraft:cobblestone":165,"minecraft:ender_pearl":2},"minecraft:mined":{"minecraft:dark_oak_planks":1,"minecraft:redstone_block":1,"minecraft:white_bed":1,"minecraft:mossy_cobblestone":1,"minecraft:dark_oak_leaves":2,"minecraft:jungle_leaves":2,"minecraft:dark_oak_log":8,"minecraft:clay":3,"minecraft:crafting_table":4,"minecraft:torch":11,"gravestone:gravestone":1,"minecraft:grass_block":26,"byg:jacaranda_log":14,"minecraft:melon":6,"minecraft:chest":5,"minecraft:stone_slab":3,"minecraft:cobblestone":11,"minecraft:rooted_dirt":6,"minecraft:wall_torch":6,"minecraft:spawner":1,"minecraft:furnace":3,"minecraft:iron_ore":17,"minecraft:fire":6,"minecraft:spruce_log":2,"minecraft:andesite":7,"minecraft:grass":6,"minecraft:oak_log":6,"minecraft:coal_ore":12,"minecraft:cobblestone_slab":1,"minecraft:flowering_azalea_leaves":3,"minecraft:dirt":11,"minecraft:azalea_leaves":3,"minecraft:bamboo":1,"minecraft:stone":154,"minecraft:redstone_lamp":1,"minecraft:fern":2}},"DataVersion":2975}