{"stats":{"minecraft:crafted":{"minecraft:stone_axe":1,"minecraft:air":4},"minecraft:custom":{"minecraft:time_since_rest":6939,"minecraft:open_chest":1,"minecraft:crouch_one_cm":611,"minecraft:play_time":6939,"minecraft:sprint_one_cm":20142,"minecraft:damage_taken":225,"minecraft:walk_one_cm":15396,"minecraft:sneak_time":390,"minecraft:drop":1,"minecraft:jump":77,"minecraft:time_since_death":6939,"minecraft:total_world_time":6939,"minecraft:climb_one_cm":2544,"minecraft:interact_with_crafting_table":5,"minecraft:fall_one_cm":2726,"minecraft:fly_one_cm":10526},"minecraft:used":{"minecraft:rabbit_stew":1,"minecraft:stone_sword":2,"minecraft:dirt":6,"minecraft:crafting_table":2,"minecraft:birch_planks":2,"minecraft:rooted_dirt":6,"minecraft:stone_pickaxe":10,"minecraft:wooden_pickaxe":9},"minecraft:dropped":{"minecraft:bowl":1},"minecraft:picked_up":{"minecraft:dark_oak_sapling":2,"minecraft:stick":2,"minecraft:rooted_dirt":6,"minecraft:bamboo":12,"minecraft:dark_oak_log":8,"minecraft:dirt":6,"minecraft:cobblestone":16,"minecraft:crafting_table":1},"minecraft:mined":{"gravestone:gravestone":1,"minecraft:grass":2,"minecraft:grass_block":3,"minecraft:dirt":3,"minecraft:dark_oak_leaves":2,"minecraft:stone":16,"minecraft:bamboo":1,"minecraft:jungle_leaves":2,"minecraft:dark_oak_log":8,"minecraft:rooted_dirt":6}},"DataVersion":2975}