{"stats":{"minecraft:custom":{"minecraft:interact_with_crafting_table":45,"minecraft:open_barrel":2,"minecraft:time_since_death":35167,"minecraft:sprint_one_cm":632052,"minecraft:damage_blocked_by_shield":1480,"minecraft:drop":97,"minecraft:talked_to_villager":2,"minecraft:play_time":192939,"minecraft:deaths":7,"minecraft:jump":2564,"minecraft:walk_on_water_one_cm":13782,"minecraft:interact_with_furnace":24,"minecraft:interact_with_cartography_table":4,"minecraft:interact_with_loom":1,"minecraft:sleep_in_bed":7,"minecraft:waystone_activated":2,"minecraft:damage_dealt":20448,"minecraft:crouch_one_cm":4115,"minecraft:inspect_dispenser":1,"minecraft:horse_one_cm":205058,"minecraft:mob_kills":121,"minecraft:climb_one_cm":5329,"minecraft:walk_one_cm":385258,"minecraft:sneak_time":3314,"minecraft:walk_under_water_one_cm":15016,"minecraft:boat_one_cm":20600,"minecraft:total_world_time":192939,"minecraft:time_since_rest":35192,"minecraft:damage_taken":5821,"minecraft:swim_one_cm":24786,"minecraft:fly_one_cm":532651,"minecraft:open_chest":104,"minecraft:fall_one_cm":84548},"minecraft:crafted":{"minecraft:oak_planks":36,"irons_spellbooks:iron_spell_book":1,"minecraft:stone":8,"securitycraft:keypad_item":1,"sophisticatedbackpacks:crafting_upgrade":1,"minecraft:bookshelf":6,"minecraft:cooked_mutton":12,"minecraft:chest":3,"minecraft:oak_slab":6,"sophisticatedbackpacks:backpack":2,"minecraft:cooked_porkchop":8,"minecraft:spruce_planks":8,"sophisticatedbackpacks:upgrade_base":1,"minecraft:shield":1,"minecraft:iron_ingot":21,"byg:jacaranda_planks":16,"minecraft:iron_nugget":9,"minecraft:iron_axe":1,"minecraft:dark_oak_planks":32,"sophisticatedbackpacks:iron_backpack":1,"minecraft:cooked_beef":8,"minecraft:diamond_sword":1,"minecraft:bucket":1,"minecraft:stone_axe":1,"minecraft:air":255,"minecraft:iron_shovel":1,"irons_spellbooks:inscription_table":1},"minecraft:killed_by":{"minecraft:zombie":1,"minecraft:enderman":2,"minecraft:skeleton":1},"minecraft:used":{"minecraft:iron_shovel":135,"minecraft:chest":9,"minecraft:shield":48,"minecraft:iron_sword":240,"minecraft:mutton":1,"securitycraft:keypad_item":1,"minecraft:carrot":2,"minecraft:bricks":1,"minecraft:lantern":2,"minecraft:rabbit_stew":1,"minecraft:golden_sword":4,"farmersdelight:cutting_board":4,"minecraft:furnace":4,"minecraft:oak_sapling":3,"minecraft:potato":1,"minecraft:stone_pickaxe":105,"minecraft:ender_pearl":3,"minecraft:wooden_pickaxe":9,"minecraft:sugar_cane":2,"minecraft:melon_slice":26,"minecraft:bread":5,"minecraft:diamond_sword":125,"minecraft:andesite":5,"minecraft:oak_boat":1,"minecraft:cobweb":2,"minecraft:experience_bottle":3,"byg:jacaranda_planks":26,"minecraft:enchanting_table":2,"minecraft:stone_sword":97,"minecraft:spruce_planks":114,"minecraft:torch":76,"minecraft:dirt":140,"minecraft:nether_brick_stairs":2,"minecraft:dark_oak_planks":30,"minecraft:bookshelf":14,"minecraft:iron_axe":95,"minecraft:rooted_dirt":6,"evilcraft:flesh_humanoid":1,"minecraft:cooked_beef":25,"minecraft:cobbled_deepslate":3,"minecraft:light_gray_bed":1,"minecraft:golden_axe":3,"minecraft:cooked_mutton":4,"minecraft:water_bucket":9,"minecraft:birch_planks":2,"beyond_earth:moon_sand":1,"minecraft:crafting_table":7,"minecraft:white_bed":3,"minecraft:wooden_hoe":3,"minecraft:diamond_pickaxe":218,"minecraft:apple":1,"minecraft:iron_pickaxe":392,"waystones:mossy_waystone":1,"byg:soapstone":15,"minecraft:stone_axe":50,"minecraft:cobblestone":180,"minecraft:cooked_porkchop":5,"minecraft:bucket":9,"irons_spellbooks:inscription_table":2},"minecraft:killed":{"minecraft:spider":14,"minecraft:skeleton":14,"minecraft:pig":3,"alexsmobs:grizzly_bear":1,"minecraft:sheep":11,"minecraft:pillager":12,"minecraft:zombie":44,"minecraft:stray":1,"minecraft:cow":13,"alexsmobs:raccoon":1,"alexsmobs:crow":1,"minecraft:enderman":6},"minecraft:dropped":{"minecraft:iron_sword":2,"minecraft:glow_berries":1,"minecraft:lantern":1,"minecraft:mossy_stone_brick_stairs":2,"minecraft:dirt":24,"gravestone:obituary":10,"minecraft:iron_pickaxe":3,"minecraft:gold_ingot":1,"minecraft:bone":2,"minecraft:gravel":2,"minecraft:stone_axe":2,"minecraft:compass":1,"minecraft:music_disc_chirp":1,"alexsmobs:animal_dictionary":1,"minecraft:cobbled_deepslate":6,"evilcraft:flesh_humanoid":2,"minecraft:chainmail_chestplate":3,"minecraft:chiseled_stone_bricks":2,"minecraft:beetroot_seeds":6,"minecraft:chainmail_boots":2,"minecraft:iron_bars":12,"minecraft:arrow":4,"minecraft:stone_brick_stairs":2,"minecraft:polished_granite":2,"minecraft:bread":6,"minecraft:tnt":4,"minecraft:mossy_cobblestone":2,"minecraft:feather":1,"minecraft:cobblestone":192,"minecraft:book":4,"minecraft:stick":17,"minecraft:cobweb":5,"byg:soapstone":6,"minecraft:granite_stairs":2,"minecraft:paper":6,"minecraft:bowl":1,"minecraft:clay_ball":12,"minecraft:nether_bricks":9,"minecraft:shield":2,"minecraft:spruce_planks":5,"minecraft:andesite":17,"minecraft:golden_sword":2,"minecraft:stone_bricks":2,"minecraft:bow":2,"minecraft:wooden_pickaxe":1},"minecraft:picked_up":{"irons_spellbooks:scroll":4,"minecraft:redstone_block":1,"minecraft:chainmail_boots":2,"minecraft:diamond_sword":1,"minecraft:stone_brick_stairs":3,"minecraft:brewing_stand":1,"minecraft:golden_sword":6,"farmersdelight:cutting_board":4,"minecraft:string":13,"minecraft:experience_bottle":4,"irons_spellbooks:arcane_essence":4,"minecraft:cobbled_deepslate":19,"minecraft:spruce_planks":8,"minecraft:azalea":2,"minecraft:iron_pickaxe":4,"minecraft:enchanted_golden_apple":1,"minecraft:melon_slice":50,"irons_spellbooks:inscription_table":1,"minecraft:iron_boots":1,"minecraft:furnace":3,"minecraft:stick":44,"minecraft:jukebox":2,"minecraft:torch":46,"minecraft:porkchop":15,"minecraft:golden_axe":1,"minecraft:light_gray_bed":1,"minecraft:rotten_flesh":47,"farmersdelight:tree_bark":1,"evilcraft:condensed_blood":13,"minecraft:iron_bars":18,"minecraft:cobblestone":597,"minecraft:enchanting_table":2,"minecraft:feather":2,"minecraft:andesite":28,"minecraft:golden_leggings":2,"minecraft:potato":5,"byg:stripped_jacaranda_log":4,"minecraft:flint":2,"evilcraft:flesh_humanoid":3,"bossominium:guardian_sapling":6,"minecraft:lapis_lazuli":4,"minecraft:dirt":213,"minecraft:lantern":3,"minecraft:polished_granite":3,"minecraft:name_tag":2,"minecraft:bone":15,"minecraft:bow":2,"minecraft:wheat_seeds":2,"minecraft:bell":1,"minecraft:bamboo":24,"minecraft:diamond_helmet":1,"minecraft:mossy_stone_bricks":3,"minecraft:mossy_stone_brick_stairs":5,"irons_spellbooks:frozen_bone":6,"minecraft:cooked_porkchop":5,"minecraft:nether_brick_stairs":3,"minecraft:dark_oak_log":8,"minecraft:mossy_cobblestone":10,"minecraft:bread":12,"minecraft:emerald":4,"minecraft:rooted_dirt":6,"minecraft:oak_sapling":3,"minecraft:bricks":1,"sophisticatedbackpacks:gold_backpack":1,"minecraft:crafting_table":5,"byg:soapstone":34,"minecraft:clay_ball":32,"minecraft:redstone_lamp":1,"gravestone:obituary":10,"minecraft:shield":3,"minecraft:compass":2,"minecraft:iron_shovel":1,"minecraft:polished_blackstone_wall":1,"minecraft:cracked_stone_bricks":4,"minecraft:beef":22,"minecraft:light_gray_wool":2,"minecraft:sugar_cane":2,"minecraft:chest":7,"minecraft:dark_oak_sapling":2,"minecraft:raw_iron":31,"sophisticatedbackpacks:backpack":4,"minecraft:spruce_fence":4,"farmersdelight:tomato_seeds":8,"minecraft:carrot":1,"minecraft:redstone":3,"beyond_earth:steel_ingot":1,"minecraft:jungle_sign":1,"minecraft:dark_oak_planks":8,"minecraft:tnt":20,"supplementaries:sign_post_oak":4,"minecraft:arrow":10,"minecraft:nether_bricks":15,"minecraft:saddle":1,"minecraft:gold_ingot":26,"minecraft:glow_berries":1,"minecraft:mutton":36,"minecraft:white_wool":6,"minecraft:stripped_oak_log":3,"minecraft:leather":20,"minecraft:granite_stairs":3,"minecraft:oak_log":20,"minecraft:chainmail_chestplate":3,"minecraft:gunpowder":6,"minecraft:cooked_mutton":4,"minecraft:apple":1,"minecraft:stone_bricks":6,"minecraft:stone_pickaxe":1,"minecraft:cobweb":2,"byg:jacaranda_log":30,"minecraft:iron_sword":5,"minecraft:music_disc_chirp":1,"minecraft:book":62,"minecraft:chiseled_stone_bricks":3,"minecraft:quartz":2,"waystones:mossy_waystone":1,"minecraft:gravel":2,"minecraft:amethyst_shard":3,"minecraft:white_bed":1,"minecraft:spruce_log":2,"minecraft:spider_eye":4,"minecraft:stone_axe":2,"minecraft:iron_helmet":1,"evilcraft:dark_gem":32,"minecraft:gray_wool":1,"minecraft:damaged_anvil":1,"minecraft:black_wool":1,"minecraft:coal":48,"minecraft:ender_pearl":3},"minecraft:mined":{"minecraft:dark_oak_planks":1,"minecraft:spruce_planks":10,"minecraft:white_bed":1,"minecraft:oak_sapling":1,"minecraft:farmland":1,"minecraft:jungle_leaves":2,"minecraft:brewing_stand":1,"minecraft:grass_block":70,"minecraft:light_gray_bed":1,"minecraft:coal_block":1,"minecraft:spawner":19,"minecraft:chiseled_stone_bricks":1,"supplementaries:sign_post":1,"minecraft:iron_ore":22,"minecraft:fire":6,"minecraft:nether_brick_stairs":2,"minecraft:enchanting_table":2,"minecraft:flowering_azalea_leaves":3,"minecraft:dirt_path":1,"minecraft:iron_bars":9,"minecraft:azalea_leaves":9,"minecraft:azalea":1,"minecraft:granite_stairs":1,"minecraft:polished_blackstone_wall":1,"minecraft:clay":8,"minecraft:torch":23,"minecraft:melon":6,"minecraft:chest":6,"minecraft:glass":1,"minecraft:cobblestone":22,"minecraft:sugar_cane":1,"minecraft:oak_planks":2,"minecraft:damaged_anvil":1,"minecraft:bricks":3,"minecraft:wall_torch":11,"byg:soapstone":32,"evilcraft:dark_ore_deepslate":4,"farmersdelight:cutting_board":3,"minecraft:jukebox":2,"minecraft:tnt":18,"minecraft:stone_brick_stairs":1,"minecraft:grass":8,"minecraft:oak_log":20,"minecraft:dirt":99,"upgrade_aquatic:beachgrass":1,"minecraft:netherrack":2,"minecraft:oak_leaves":10,"minecraft:deepslate":13,"minecraft:redstone_lamp":1,"minecraft:mossy_cobblestone":10,"minecraft:dark_oak_leaves":2,"minecraft:dark_oak_log":8,"gravestone:gravestone":8,"minecraft:nether_bricks":14,"minecraft:spruce_fence":3,"byg:jacaranda_log":29,"minecraft:moss_block":2,"minecraft:rooted_dirt":6,"minecraft:furnace":3,"minecraft:andesite":19,"minecraft:bell":1,"minecraft:mossy_stone_brick_stairs":4,"minecraft:bookshelf":23,"minecraft:cobblestone_slab":1,"byg:stripped_jacaranda_log":3,"minecraft:deepslate_iron_ore":9,"minecraft:lantern":1,"minecraft:bamboo":1,"minecraft:stone":392,"minecraft:oak_slab":1,"minecraft:redstone_block":1,"minecraft:polished_granite":1,"minecraft:crafting_table":4,"minecraft:emerald_ore":2,"minecraft:stone_slab":3,"minecraft:lapis_ore":1,"bossominium:guardian_sapling":2,"minecraft:spruce_log":2,"minecraft:white_wall_banner":1,"minecraft:coal_ore":33,"minecraft:gravel":3,"minecraft:cobweb":2,"minecraft:cracked_stone_bricks":4,"minecraft:stone_bricks":5,"minecraft:mossy_stone_bricks":4,"minecraft:fern":4,"minecraft:jungle_wall_sign":1},"minecraft:broken":{"minecraft:diamond_helmet":1,"minecraft:iron_boots":1,"minecraft:golden_leggings":1,"minecraft:iron_pickaxe":1}},"DataVersion":2975}