{"stats":{"minecraft:custom":{"minecraft:mob_kills":105,"minecraft:interact_with_crafting_table":45,"minecraft:time_since_death":17167,"minecraft:climb_one_cm":4363,"minecraft:sprint_one_cm":594306,"minecraft:walk_one_cm":347350,"minecraft:damage_blocked_by_shield":930,"minecraft:drop":94,"minecraft:talked_to_villager":1,"minecraft:play_time":174939,"minecraft:deaths":7,"minecraft:sneak_time":3024,"minecraft:walk_under_water_one_cm":10749,"minecraft:boat_one_cm":20600,"minecraft:jump":2411,"minecraft:walk_on_water_one_cm":10236,"minecraft:total_world_time":174939,"minecraft:interact_with_furnace":24,"minecraft:interact_with_cartography_table":1,"minecraft:interact_with_loom":1,"minecraft:sleep_in_bed":7,"minecraft:time_since_rest":17192,"minecraft:waystone_activated":1,"minecraft:damage_taken":5163,"minecraft:damage_dealt":18306,"minecraft:swim_one_cm":6436,"minecraft:fly_one_cm":501886,"minecraft:open_chest":96,"minecraft:crouch_one_cm":3852,"minecraft:fall_one_cm":80602},"minecraft:crafted":{"byg:jacaranda_planks":16,"minecraft:oak_planks":36,"minecraft:stone":8,"sophisticatedbackpacks:crafting_upgrade":1,"securitycraft:keypad_item":1,"minecraft:bookshelf":6,"minecraft:cooked_mutton":12,"minecraft:iron_axe":1,"minecraft:chest":3,"minecraft:dark_oak_planks":32,"sophisticatedbackpacks:iron_backpack":1,"minecraft:cooked_beef":8,"minecraft:oak_slab":6,"minecraft:diamond_sword":1,"sophisticatedbackpacks:backpack":2,"minecraft:cooked_porkchop":8,"minecraft:spruce_planks":8,"minecraft:bucket":1,"sophisticatedbackpacks:upgrade_base":1,"minecraft:stone_axe":1,"minecraft:air":255,"minecraft:shield":1,"minecraft:iron_ingot":21,"minecraft:iron_shovel":1,"irons_spellbooks:inscription_table":1},"minecraft:killed_by":{"minecraft:enderman":2,"minecraft:skeleton":1,"minecraft:zombie":1},"minecraft:used":{"minecraft:enchanting_table":2,"minecraft:stone_sword":97,"minecraft:iron_shovel":135,"minecraft:spruce_planks":114,"minecraft:chest":9,"minecraft:shield":24,"minecraft:iron_sword":240,"minecraft:torch":76,"minecraft:dirt":111,"minecraft:mutton":1,"securitycraft:keypad_item":1,"minecraft:carrot":2,"minecraft:nether_brick_stairs":2,"minecraft:dark_oak_planks":30,"minecraft:bricks":1,"minecraft:bookshelf":14,"minecraft:lantern":1,"minecraft:iron_axe":90,"minecraft:rooted_dirt":6,"evilcraft:flesh_humanoid":1,"minecraft:rabbit_stew":1,"minecraft:golden_sword":4,"farmersdelight:cutting_board":4,"minecraft:oak_sapling":3,"minecraft:furnace":4,"minecraft:potato":1,"minecraft:cooked_beef":20,"minecraft:cobbled_deepslate":3,"minecraft:golden_axe":3,"minecraft:cooked_mutton":2,"minecraft:water_bucket":9,"minecraft:birch_planks":2,"minecraft:stone_pickaxe":105,"minecraft:ender_pearl":3,"minecraft:wooden_pickaxe":9,"beyond_earth:moon_sand":1,"minecraft:sugar_cane":2,"minecraft:crafting_table":7,"minecraft:white_bed":3,"minecraft:wooden_hoe":3,"minecraft:diamond_pickaxe":182,"minecraft:apple":1,"minecraft:bread":5,"minecraft:melon_slice":26,"waystones:mossy_waystone":1,"minecraft:iron_pickaxe":392,"byg:soapstone":15,"minecraft:stone_axe":50,"minecraft:diamond_sword":83,"minecraft:cobblestone":180,"minecraft:cooked_porkchop":5,"minecraft:bucket":9,"minecraft:andesite":5,"minecraft:oak_boat":1,"irons_spellbooks:inscription_table":2,"minecraft:cobweb":2,"byg:jacaranda_planks":26},"minecraft:killed":{"alexsmobs:raccoon":1,"minecraft:spider":14,"minecraft:skeleton":14,"minecraft:pig":3,"alexsmobs:grizzly_bear":1,"minecraft:sheep":11,"minecraft:zombie":42,"minecraft:stray":1,"alexsmobs:crow":1,"minecraft:enderman":6,"minecraft:cow":13},"minecraft:dropped":{"minecraft:bread":6,"minecraft:iron_sword":2,"minecraft:tnt":4,"minecraft:mossy_cobblestone":2,"minecraft:feather":1,"minecraft:glow_berries":1,"minecraft:cobblestone":192,"minecraft:book":4,"minecraft:mossy_stone_brick_stairs":2,"minecraft:stick":17,"minecraft:cobweb":5,"minecraft:dirt":24,"byg:soapstone":6,"gravestone:obituary":10,"minecraft:iron_pickaxe":3,"minecraft:granite_stairs":2,"minecraft:paper":6,"minecraft:bone":2,"minecraft:gravel":2,"minecraft:stone_axe":2,"minecraft:compass":1,"minecraft:music_disc_chirp":1,"minecraft:cobbled_deepslate":6,"alexsmobs:animal_dictionary":1,"minecraft:bowl":1,"minecraft:clay_ball":12,"minecraft:nether_bricks":9,"evilcraft:flesh_humanoid":2,"minecraft:chainmail_chestplate":3,"minecraft:chiseled_stone_bricks":2,"minecraft:shield":2,"minecraft:spruce_planks":5,"minecraft:andesite":17,"minecraft:chainmail_boots":2,"minecraft:golden_sword":2,"minecraft:stone_bricks":2,"minecraft:iron_bars":12,"minecraft:bow":2,"minecraft:arrow":4,"minecraft:wooden_pickaxe":1,"minecraft:stone_brick_stairs":2,"minecraft:polished_granite":2},"minecraft:mined":{"minecraft:dark_oak_planks":1,"minecraft:farmland":1,"minecraft:spruce_planks":10,"minecraft:white_bed":1,"minecraft:oak_sapling":1,"minecraft:mossy_cobblestone":10,"minecraft:dark_oak_leaves":2,"minecraft:dark_oak_log":8,"minecraft:jungle_leaves":2,"minecraft:brewing_stand":1,"minecraft:nether_bricks":14,"gravestone:gravestone":8,"minecraft:spruce_fence":3,"minecraft:grass_block":69,"byg:jacaranda_log":29,"minecraft:coal_block":1,"minecraft:moss_block":2,"minecraft:rooted_dirt":6,"minecraft:chiseled_stone_bricks":1,"minecraft:spawner":18,"minecraft:furnace":3,"supplementaries:sign_post":1,"minecraft:iron_ore":18,"minecraft:fire":6,"minecraft:andesite":19,"minecraft:nether_brick_stairs":2,"minecraft:enchanting_table":2,"minecraft:dirt_path":1,"byg:stripped_jacaranda_log":3,"minecraft:mossy_stone_brick_stairs":4,"minecraft:bookshelf":23,"minecraft:deepslate_iron_ore":9,"minecraft:flowering_azalea_leaves":3,"minecraft:cobblestone_slab":1,"minecraft:iron_bars":9,"minecraft:lantern":1,"minecraft:azalea_leaves":9,"minecraft:bamboo":1,"minecraft:azalea":1,"minecraft:stone":392,"minecraft:granite_stairs":1,"minecraft:redstone_block":1,"minecraft:polished_granite":1,"minecraft:clay":8,"minecraft:crafting_table":4,"minecraft:torch":23,"minecraft:melon":6,"minecraft:chest":6,"minecraft:stone_slab":3,"minecraft:glass":1,"minecraft:cobblestone":22,"minecraft:sugar_cane":1,"minecraft:lapis_ore":1,"minecraft:bricks":3,"minecraft:wall_torch":11,"bossominium:guardian_sapling":2,"byg:soapstone":32,"evilcraft:dark_ore_deepslate":4,"farmersdelight:cutting_board":3,"minecraft:spruce_log":2,"minecraft:jukebox":2,"minecraft:stone_brick_stairs":1,"minecraft:grass":8,"minecraft:coal_ore":20,"minecraft:oak_log":20,"minecraft:gravel":3,"minecraft:dirt":97,"upgrade_aquatic:beachgrass":1,"minecraft:cobweb":2,"minecraft:cracked_stone_bricks":4,"minecraft:oak_leaves":10,"minecraft:stone_bricks":5,"minecraft:netherrack":2,"minecraft:mossy_stone_bricks":4,"minecraft:fern":4,"minecraft:deepslate":13,"minecraft:redstone_lamp":1},"minecraft:picked_up":{"irons_spellbooks:scroll":4,"sophisticatedbackpacks:gold_backpack":1,"minecraft:crafting_table":5,"byg:soapstone":34,"minecraft:chainmail_boots":2,"minecraft:redstone_block":1,"minecraft:clay_ball":32,"minecraft:redstone_lamp":1,"gravestone:obituary":10,"minecraft:stone_brick_stairs":3,"minecraft:brewing_stand":1,"minecraft:shield":3,"minecraft:golden_sword":6,"farmersdelight:cutting_board":4,"minecraft:string":13,"minecraft:compass":2,"minecraft:iron_shovel":1,"minecraft:cracked_stone_bricks":4,"irons_spellbooks:arcane_essence":4,"minecraft:cobbled_deepslate":19,"minecraft:spruce_planks":8,"minecraft:beef":22,"minecraft:sugar_cane":2,"minecraft:azalea":2,"irons_spellbooks:inscription_table":1,"minecraft:iron_pickaxe":4,"minecraft:light_gray_wool":2,"minecraft:enchanted_golden_apple":1,"minecraft:melon_slice":50,"minecraft:chest":7,"minecraft:furnace":3,"minecraft:iron_boots":1,"minecraft:dark_oak_sapling":2,"minecraft:stick":44,"minecraft:raw_iron":27,"minecraft:jukebox":2,"minecraft:torch":46,"minecraft:spruce_fence":4,"sophisticatedbackpacks:backpack":4,"minecraft:porkchop":15,"minecraft:golden_axe":1,"farmersdelight:tomato_seeds":8,"minecraft:carrot":1,"minecraft:redstone":3,"beyond_earth:steel_ingot":1,"minecraft:dark_oak_planks":8,"supplementaries:sign_post_oak":4,"minecraft:tnt":2,"minecraft:arrow":10,"minecraft:rotten_flesh":43,"farmersdelight:tree_bark":1,"minecraft:nether_bricks":15,"minecraft:saddle":1,"minecraft:gold_ingot":24,"evilcraft:condensed_blood":13,"minecraft:glow_berries":1,"minecraft:mutton":36,"minecraft:iron_bars":18,"minecraft:white_wool":6,"minecraft:cobblestone":597,"minecraft:stripped_oak_log":3,"minecraft:enchanting_table":2,"minecraft:feather":2,"minecraft:andesite":28,"minecraft:leather":20,"minecraft:golden_leggings":2,"byg:stripped_jacaranda_log":4,"minecraft:potato":5,"minecraft:granite_stairs":3,"minecraft:flint":2,"evilcraft:flesh_humanoid":3,"minecraft:oak_log":20,"minecraft:chainmail_chestplate":3,"bossominium:guardian_sapling":6,"minecraft:gunpowder":6,"minecraft:lapis_lazuli":4,"minecraft:dirt":210,"minecraft:lantern":2,"minecraft:polished_granite":3,"minecraft:name_tag":2,"minecraft:cooked_mutton":4,"minecraft:bone":15,"minecraft:apple":1,"minecraft:stone_bricks":6,"minecraft:bow":2,"minecraft:wheat_seeds":2,"minecraft:stone_pickaxe":1,"minecraft:cobweb":2,"minecraft:mossy_stone_bricks":3,"minecraft:diamond_helmet":1,"minecraft:bamboo":24,"byg:jacaranda_log":30,"minecraft:iron_sword":5,"minecraft:mossy_stone_brick_stairs":5,"minecraft:music_disc_chirp":1,"minecraft:book":62,"minecraft:cooked_porkchop":5,"irons_spellbooks:frozen_bone":6,"minecraft:chiseled_stone_bricks":3,"minecraft:quartz":2,"waystones:mossy_waystone":1,"minecraft:gravel":2,"minecraft:amethyst_shard":3,"minecraft:nether_brick_stairs":3,"minecraft:white_bed":1,"minecraft:spruce_log":2,"minecraft:spider_eye":4,"minecraft:dark_oak_log":8,"minecraft:mossy_cobblestone":10,"minecraft:stone_axe":2,"evilcraft:dark_gem":32,"minecraft:iron_helmet":1,"minecraft:gray_wool":1,"minecraft:oak_sapling":3,"minecraft:bread":12,"minecraft:rooted_dirt":6,"minecraft:bricks":1,"minecraft:black_wool":1,"minecraft:coal":36,"minecraft:ender_pearl":3},"minecraft:broken":{"minecraft:diamond_helmet":1,"minecraft:iron_boots":1,"minecraft:golden_leggings":1,"minecraft:iron_pickaxe":1}},"DataVersion":2975}