{"stats":{"minecraft:custom":{"minecraft:mob_kills":76,"minecraft:interact_with_crafting_table":24,"minecraft:time_since_death":4461,"minecraft:climb_one_cm":4158,"minecraft:sprint_one_cm":326902,"minecraft:walk_one_cm":211573,"minecraft:damage_blocked_by_shield":855,"minecraft:drop":64,"minecraft:talked_to_villager":1,"minecraft:play_time":102939,"minecraft:deaths":2,"minecraft:sneak_time":2488,"minecraft:walk_under_water_one_cm":134,"minecraft:jump":1071,"minecraft:walk_on_water_one_cm":184,"minecraft:total_world_time":102939,"minecraft:interact_with_furnace":19,"minecraft:interact_with_cartography_table":1,"minecraft:interact_with_loom":1,"minecraft:sleep_in_bed":3,"minecraft:time_since_rest":4488,"minecraft:waystone_activated":1,"minecraft:damage_taken":2827,"minecraft:damage_dealt":13232,"minecraft:swim_one_cm":1842,"minecraft:fly_one_cm":221379,"minecraft:open_chest":71,"minecraft:crouch_one_cm":2918,"minecraft:fall_one_cm":33080},"minecraft:crafted":{"byg:jacaranda_planks":4,"minecraft:stone":8,"securitycraft:keypad_item":1,"minecraft:iron_axe":1,"minecraft:chest":2,"minecraft:dark_oak_planks":32,"minecraft:cooked_beef":8,"sophisticatedbackpacks:backpack":1,"minecraft:cooked_porkchop":8,"minecraft:spruce_planks":8,"minecraft:stone_axe":1,"minecraft:air":137,"minecraft:shield":1,"minecraft:iron_ingot":11,"minecraft:iron_shovel":1},"minecraft:killed_by":{"minecraft:enderman":1,"minecraft:zombie":1},"minecraft:used":{"minecraft:stone_sword":97,"minecraft:iron_shovel":26,"minecraft:spruce_planks":66,"minecraft:chest":9,"minecraft:shield":23,"minecraft:iron_sword":240,"minecraft:torch":70,"minecraft:dirt":40,"minecraft:mutton":1,"securitycraft:keypad_item":1,"minecraft:dark_oak_planks":30,"minecraft:bricks":1,"minecraft:iron_axe":44,"minecraft:rooted_dirt":6,"minecraft:rabbit_stew":1,"minecraft:golden_sword":2,"minecraft:furnace":4,"minecraft:cooked_beef":11,"minecraft:golden_axe":3,"minecraft:cooked_mutton":2,"minecraft:birch_planks":2,"minecraft:stone_pickaxe":105,"minecraft:ender_pearl":2,"minecraft:wooden_pickaxe":9,"minecraft:crafting_table":6,"minecraft:white_bed":3,"minecraft:diamond_pickaxe":84,"minecraft:apple":1,"minecraft:melon_slice":26,"waystones:mossy_waystone":1,"minecraft:iron_pickaxe":388,"byg:soapstone":9,"minecraft:stone_axe":50,"minecraft:cobblestone":127,"minecraft:cooked_porkchop":5,"byg:jacaranda_planks":26},"minecraft:killed":{"alexsmobs:raccoon":1,"minecraft:spider":6,"minecraft:skeleton":10,"minecraft:pig":3,"alexsmobs:grizzly_bear":1,"minecraft:sheep":11,"minecraft:zombie":33,"minecraft:stray":1,"minecraft:enderman":6,"minecraft:cow":6},"minecraft:dropped":{"minecraft:iron_sword":2,"minecraft:tnt":4,"minecraft:mossy_cobblestone":2,"minecraft:cobblestone":72,"minecraft:book":4,"minecraft:mossy_stone_brick_stairs":2,"minecraft:cobweb":5,"minecraft:dirt":8,"byg:soapstone":6,"gravestone:obituary":3,"minecraft:iron_pickaxe":1,"minecraft:granite_stairs":2,"minecraft:paper":6,"minecraft:gravel":2,"minecraft:stone_axe":2,"minecraft:compass":1,"minecraft:cobbled_deepslate":6,"alexsmobs:animal_dictionary":1,"minecraft:bowl":1,"minecraft:nether_bricks":3,"evilcraft:flesh_humanoid":2,"minecraft:chainmail_chestplate":3,"minecraft:chiseled_stone_bricks":2,"minecraft:shield":2,"minecraft:spruce_planks":5,"minecraft:andesite":9,"minecraft:chainmail_boots":2,"minecraft:stone_bricks":2,"minecraft:iron_bars":12,"minecraft:arrow":4,"minecraft:wooden_pickaxe":1,"minecraft:stone_brick_stairs":2,"minecraft:polished_granite":2},"minecraft:mined":{"minecraft:dark_oak_planks":1,"minecraft:spruce_planks":9,"minecraft:white_bed":1,"minecraft:mossy_cobblestone":10,"minecraft:dark_oak_leaves":2,"minecraft:dark_oak_log":8,"minecraft:jungle_leaves":2,"minecraft:brewing_stand":1,"minecraft:nether_bricks":14,"gravestone:gravestone":3,"minecraft:grass_block":29,"byg:jacaranda_log":14,"minecraft:coal_block":1,"minecraft:rooted_dirt":6,"minecraft:chiseled_stone_bricks":1,"minecraft:spawner":18,"minecraft:furnace":3,"minecraft:iron_ore":17,"minecraft:fire":6,"minecraft:andesite":13,"minecraft:nether_brick_stairs":2,"minecraft:enchanting_table":1,"minecraft:mossy_stone_brick_stairs":4,"minecraft:bookshelf":23,"minecraft:flowering_azalea_leaves":3,"minecraft:cobblestone_slab":1,"minecraft:iron_bars":9,"minecraft:azalea_leaves":3,"minecraft:bamboo":1,"minecraft:stone":346,"minecraft:granite_stairs":1,"minecraft:redstone_block":1,"minecraft:polished_granite":1,"minecraft:clay":5,"minecraft:crafting_table":4,"minecraft:torch":19,"minecraft:melon":6,"minecraft:chest":6,"minecraft:stone_slab":3,"minecraft:cobblestone":22,"minecraft:lapis_ore":1,"minecraft:bricks":3,"minecraft:wall_torch":10,"byg:soapstone":23,"minecraft:spruce_log":2,"minecraft:jukebox":2,"minecraft:stone_brick_stairs":1,"minecraft:grass":6,"minecraft:coal_ore":12,"minecraft:oak_log":6,"minecraft:gravel":3,"minecraft:dirt":20,"minecraft:cracked_stone_bricks":4,"minecraft:stone_bricks":5,"minecraft:netherrack":2,"minecraft:mossy_stone_bricks":4,"minecraft:fern":3,"minecraft:deepslate":10,"minecraft:redstone_lamp":1},"minecraft:picked_up":{"irons_spellbooks:scroll":4,"minecraft:crafting_table":5,"byg:soapstone":28,"minecraft:chainmail_boots":2,"minecraft:redstone_block":1,"minecraft:clay_ball":20,"minecraft:redstone_lamp":1,"gravestone:obituary":1,"minecraft:stone_brick_stairs":3,"minecraft:brewing_stand":1,"minecraft:shield":3,"minecraft:golden_sword":2,"minecraft:string":4,"minecraft:compass":2,"minecraft:cracked_stone_bricks":4,"irons_spellbooks:arcane_essence":4,"minecraft:cobbled_deepslate":16,"minecraft:spruce_planks":7,"minecraft:beef":8,"minecraft:iron_pickaxe":2,"minecraft:light_gray_wool":2,"minecraft:enchanted_golden_apple":1,"minecraft:melon_slice":50,"minecraft:chest":6,"minecraft:furnace":3,"minecraft:iron_boots":1,"minecraft:dark_oak_sapling":2,"minecraft:stick":4,"minecraft:raw_iron":17,"minecraft:jukebox":2,"minecraft:torch":41,"sophisticatedbackpacks:backpack":1,"minecraft:porkchop":15,"minecraft:golden_axe":1,"farmersdelight:tomato_seeds":8,"minecraft:dark_oak_planks":8,"minecraft:tnt":2,"minecraft:arrow":7,"minecraft:rotten_flesh":28,"minecraft:nether_bricks":9,"minecraft:saddle":1,"evilcraft:condensed_blood":13,"minecraft:mutton":36,"minecraft:iron_bars":18,"minecraft:white_wool":6,"minecraft:cobblestone":436,"minecraft:enchanting_table":1,"minecraft:andesite":15,"minecraft:leather":10,"minecraft:golden_leggings":2,"minecraft:potato":5,"minecraft:granite_stairs":3,"minecraft:flint":2,"evilcraft:flesh_humanoid":2,"minecraft:oak_log":6,"minecraft:chainmail_chestplate":3,"minecraft:gunpowder":6,"minecraft:lapis_lazuli":4,"minecraft:dirt":60,"minecraft:polished_granite":3,"minecraft:name_tag":2,"minecraft:cooked_mutton":4,"minecraft:bone":12,"minecraft:apple":1,"minecraft:stone_bricks":6,"minecraft:wheat_seeds":2,"minecraft:stone_pickaxe":1,"minecraft:mossy_stone_bricks":3,"minecraft:diamond_helmet":1,"minecraft:bamboo":24,"byg:jacaranda_log":14,"minecraft:iron_sword":4,"minecraft:mossy_stone_brick_stairs":5,"minecraft:book":62,"minecraft:cooked_porkchop":5,"irons_spellbooks:frozen_bone":6,"minecraft:chiseled_stone_bricks":3,"waystones:mossy_waystone":1,"minecraft:gravel":2,"minecraft:amethyst_shard":3,"minecraft:nether_brick_stairs":3,"minecraft:white_bed":1,"minecraft:spruce_log":2,"minecraft:spider_eye":1,"minecraft:dark_oak_log":8,"minecraft:mossy_cobblestone":10,"minecraft:stone_axe":2,"minecraft:iron_helmet":1,"minecraft:gray_wool":1,"minecraft:rooted_dirt":6,"minecraft:bricks":1,"minecraft:black_wool":1,"minecraft:coal":23,"minecraft:ender_pearl":3},"minecraft:broken":{"minecraft:iron_boots":1,"minecraft:golden_leggings":1,"minecraft:iron_pickaxe":1}},"DataVersion":2975}