{"stats":{"minecraft:custom":{"minecraft:mob_kills":66,"minecraft:interact_with_crafting_table":23,"minecraft:time_since_death":78939,"minecraft:climb_one_cm":4042,"minecraft:sprint_one_cm":210983,"minecraft:walk_one_cm":160089,"minecraft:damage_blocked_by_shield":390,"minecraft:drop":15,"minecraft:talked_to_villager":1,"minecraft:play_time":78939,"minecraft:sneak_time":2366,"minecraft:jump":897,"minecraft:walk_on_water_one_cm":33,"minecraft:total_world_time":78939,"minecraft:interact_with_furnace":18,"minecraft:interact_with_cartography_table":1,"minecraft:interact_with_loom":1,"minecraft:sleep_in_bed":3,"minecraft:time_since_rest":34786,"minecraft:waystone_activated":1,"minecraft:damage_taken":1758,"minecraft:damage_dealt":10347,"minecraft:fly_one_cm":177376,"minecraft:open_chest":48,"minecraft:crouch_one_cm":2582,"minecraft:fall_one_cm":24235},"minecraft:crafted":{"byg:jacaranda_planks":4,"minecraft:stone":8,"securitycraft:keypad_item":1,"minecraft:iron_axe":1,"minecraft:chest":2,"minecraft:dark_oak_planks":32,"minecraft:cooked_beef":8,"sophisticatedbackpacks:backpack":1,"minecraft:cooked_porkchop":2,"minecraft:spruce_planks":8,"minecraft:stone_axe":1,"minecraft:air":136,"minecraft:shield":1,"minecraft:iron_ingot":11,"minecraft:iron_shovel":1},"minecraft:used":{"minecraft:stone_sword":97,"minecraft:iron_shovel":26,"minecraft:spruce_planks":12,"minecraft:chest":9,"minecraft:shield":8,"minecraft:iron_sword":177,"minecraft:torch":35,"minecraft:dirt":36,"minecraft:mutton":1,"securitycraft:keypad_item":1,"minecraft:dark_oak_planks":30,"minecraft:iron_axe":30,"minecraft:rooted_dirt":6,"minecraft:rabbit_stew":1,"minecraft:furnace":4,"minecraft:cooked_beef":5,"minecraft:golden_axe":3,"minecraft:cooked_mutton":2,"minecraft:birch_planks":2,"minecraft:stone_pickaxe":105,"minecraft:ender_pearl":2,"minecraft:wooden_pickaxe":9,"minecraft:crafting_table":6,"minecraft:white_bed":3,"minecraft:diamond_pickaxe":54,"minecraft:apple":1,"minecraft:melon_slice":26,"waystones:mossy_waystone":1,"minecraft:iron_pickaxe":245,"byg:soapstone":5,"minecraft:stone_axe":50,"minecraft:cobblestone":121,"minecraft:cooked_porkchop":3,"byg:jacaranda_planks":26},"minecraft:killed":{"minecraft:spider":4,"minecraft:skeleton":9,"minecraft:pig":3,"alexsmobs:grizzly_bear":1,"minecraft:sheep":11,"minecraft:zombie":28,"minecraft:enderman":3,"minecraft:cow":6},"minecraft:dropped":{"minecraft:paper":6,"minecraft:gravel":2,"alexsmobs:animal_dictionary":1,"minecraft:bowl":1,"minecraft:nether_bricks":1,"minecraft:chainmail_chestplate":3,"minecraft:shield":1,"minecraft:spruce_planks":5,"minecraft:andesite":5,"minecraft:chainmail_boots":2,"minecraft:arrow":4,"minecraft:wooden_pickaxe":1},"minecraft:mined":{"minecraft:dark_oak_planks":1,"minecraft:spruce_planks":3,"minecraft:white_bed":1,"minecraft:mossy_cobblestone":9,"minecraft:dark_oak_leaves":2,"minecraft:dark_oak_log":8,"minecraft:jungle_leaves":2,"minecraft:nether_bricks":10,"gravestone:gravestone":1,"minecraft:grass_block":27,"byg:jacaranda_log":14,"minecraft:coal_block":1,"minecraft:rooted_dirt":6,"minecraft:spawner":7,"minecraft:furnace":3,"minecraft:iron_ore":17,"minecraft:fire":6,"minecraft:andesite":7,"minecraft:enchanting_table":1,"minecraft:mossy_stone_brick_stairs":3,"minecraft:bookshelf":17,"minecraft:flowering_azalea_leaves":3,"minecraft:cobblestone_slab":1,"minecraft:iron_bars":2,"minecraft:azalea_leaves":3,"minecraft:bamboo":1,"minecraft:stone":245,"minecraft:redstone_block":1,"minecraft:clay":5,"minecraft:crafting_table":4,"minecraft:torch":11,"minecraft:melon":6,"minecraft:chest":6,"minecraft:stone_slab":3,"minecraft:cobblestone":21,"minecraft:lapis_ore":1,"minecraft:wall_torch":7,"byg:soapstone":15,"minecraft:spruce_log":2,"minecraft:jukebox":1,"minecraft:grass":6,"minecraft:coal_ore":12,"minecraft:oak_log":6,"minecraft:gravel":3,"minecraft:dirt":14,"minecraft:cracked_stone_bricks":3,"minecraft:stone_bricks":2,"minecraft:netherrack":2,"minecraft:mossy_stone_bricks":4,"minecraft:fern":2,"minecraft:deepslate":7,"minecraft:redstone_lamp":1},"minecraft:picked_up":{"irons_spellbooks:scroll":4,"minecraft:crafting_table":5,"byg:soapstone":15,"minecraft:chainmail_boots":2,"minecraft:redstone_block":1,"minecraft:clay_ball":20,"minecraft:redstone_lamp":1,"minecraft:shield":1,"minecraft:golden_sword":1,"minecraft:string":2,"minecraft:cracked_stone_bricks":3,"irons_spellbooks:arcane_essence":4,"minecraft:cobbled_deepslate":7,"minecraft:spruce_planks":3,"minecraft:beef":8,"minecraft:light_gray_wool":2,"minecraft:enchanted_golden_apple":1,"minecraft:melon_slice":50,"minecraft:chest":6,"minecraft:furnace":3,"minecraft:iron_boots":1,"minecraft:dark_oak_sapling":2,"minecraft:stick":2,"minecraft:raw_iron":17,"minecraft:jukebox":1,"minecraft:torch":21,"minecraft:porkchop":15,"minecraft:golden_axe":1,"farmersdelight:tomato_seeds":8,"minecraft:dark_oak_planks":8,"minecraft:arrow":7,"minecraft:rotten_flesh":23,"minecraft:nether_bricks":3,"minecraft:saddle":1,"evilcraft:condensed_blood":13,"minecraft:mutton":36,"minecraft:iron_bars":2,"minecraft:white_wool":6,"minecraft:cobblestone":262,"minecraft:enchanting_table":1,"minecraft:andesite":5,"minecraft:leather":10,"minecraft:golden_leggings":2,"minecraft:potato":5,"minecraft:flint":2,"minecraft:oak_log":6,"minecraft:chainmail_chestplate":3,"minecraft:gunpowder":6,"minecraft:lapis_lazuli":4,"minecraft:dirt":44,"minecraft:name_tag":2,"minecraft:cooked_mutton":4,"minecraft:bone":12,"minecraft:apple":1,"minecraft:stone_bricks":2,"minecraft:wheat_seeds":2,"minecraft:stone_pickaxe":1,"minecraft:mossy_stone_bricks":3,"minecraft:diamond_helmet":1,"minecraft:bamboo":24,"byg:jacaranda_log":14,"minecraft:iron_sword":2,"minecraft:mossy_stone_brick_stairs":2,"minecraft:book":48,"minecraft:cooked_porkchop":1,"irons_spellbooks:frozen_bone":6,"waystones:mossy_waystone":1,"minecraft:gravel":2,"minecraft:amethyst_shard":3,"minecraft:white_bed":1,"minecraft:spruce_log":2,"minecraft:spider_eye":1,"minecraft:dark_oak_log":8,"minecraft:mossy_cobblestone":7,"minecraft:iron_helmet":1,"minecraft:gray_wool":1,"minecraft:rooted_dirt":6,"minecraft:black_wool":1,"minecraft:coal":23,"minecraft:ender_pearl":2},"minecraft:broken":{"minecraft:iron_boots":1,"minecraft:iron_pickaxe":1}},"DataVersion":2975}