{"stats":{"minecraft:custom":{"minecraft:interact_with_furnace":4,"minecraft:mob_kills":19,"minecraft:interact_with_cartography_table":1,"minecraft:interact_with_crafting_table":8,"minecraft:interact_with_loom":1,"minecraft:time_since_death":30939,"minecraft:sleep_in_bed":1,"minecraft:climb_one_cm":3663,"minecraft:time_since_rest":2449,"minecraft:sprint_one_cm":103405,"minecraft:damage_taken":825,"minecraft:walk_one_cm":72679,"minecraft:drop":5,"minecraft:damage_dealt":2969,"minecraft:talked_to_villager":1,"minecraft:fly_one_cm":93131,"minecraft:open_chest":15,"minecraft:crouch_one_cm":985,"minecraft:play_time":30939,"minecraft:sneak_time":1006,"minecraft:jump":478,"minecraft:total_world_time":30939,"minecraft:fall_one_cm":11773},"minecraft:crafted":{"byg:jacaranda_planks":4,"minecraft:cooked_porkchop":2,"minecraft:spruce_planks":8,"minecraft:stone_axe":1,"minecraft:air":39,"minecraft:chest":2,"minecraft:dark_oak_planks":32},"minecraft:used":{"minecraft:stone_sword":63,"minecraft:birch_planks":2,"minecraft:stone_pickaxe":99,"minecraft:ender_pearl":2,"minecraft:wooden_pickaxe":9,"minecraft:torch":12,"minecraft:dirt":6,"minecraft:mutton":1,"minecraft:crafting_table":4,"minecraft:white_bed":1,"minecraft:dark_oak_planks":30,"minecraft:apple":1,"minecraft:rooted_dirt":6,"minecraft:melon_slice":11,"minecraft:rabbit_stew":1,"minecraft:stone_axe":31,"minecraft:cobblestone":29,"minecraft:furnace":2,"minecraft:cooked_porkchop":3,"minecraft:golden_axe":3},"minecraft:killed":{"minecraft:pig":1,"minecraft:spider":1,"minecraft:sheep":8,"minecraft:skeleton":4,"minecraft:zombie":2,"minecraft:enderman":2},"minecraft:dropped":{"alexsmobs:animal_dictionary":1,"minecraft:bowl":1,"minecraft:andesite":5,"minecraft:arrow":4,"minecraft:wooden_pickaxe":1},"minecraft:picked_up":{"minecraft:crafting_table":4,"minecraft:andesite":5,"minecraft:oak_log":6,"minecraft:dirt":7,"minecraft:cooked_mutton":4,"minecraft:bone":5,"minecraft:apple":1,"minecraft:wheat_seeds":2,"minecraft:light_gray_wool":2,"minecraft:bamboo":12,"byg:jacaranda_log":1,"minecraft:melon_slice":38,"minecraft:furnace":2,"minecraft:raw_iron":7,"minecraft:dark_oak_sapling":2,"minecraft:stick":2,"minecraft:cooked_porkchop":1,"minecraft:torch":10,"waystones:mossy_waystone":1,"minecraft:porkchop":3,"minecraft:spruce_log":2,"minecraft:dark_oak_log":8,"minecraft:dark_oak_planks":8,"minecraft:arrow":4,"minecraft:rotten_flesh":3,"minecraft:gray_wool":1,"minecraft:rooted_dirt":6,"minecraft:black_wool":1,"minecraft:mutton":19,"minecraft:coal":12,"minecraft:white_wool":3,"minecraft:cobblestone":64,"minecraft:ender_pearl":2},"minecraft:mined":{"minecraft:dark_oak_planks":1,"minecraft:dark_oak_leaves":2,"minecraft:jungle_leaves":2,"minecraft:dark_oak_log":8,"minecraft:crafting_table":3,"minecraft:torch":4,"gravestone:gravestone":1,"minecraft:grass_block":3,"byg:jacaranda_log":1,"minecraft:melon":6,"minecraft:stone_slab":3,"minecraft:cobblestone":5,"minecraft:rooted_dirt":6,"minecraft:wall_torch":5,"minecraft:spawner":1,"minecraft:furnace":2,"minecraft:iron_ore":7,"minecraft:fire":6,"minecraft:spruce_log":2,"minecraft:andesite":7,"minecraft:grass":5,"minecraft:oak_log":6,"minecraft:coal_ore":12,"minecraft:cobblestone_slab":1,"minecraft:flowering_azalea_leaves":3,"minecraft:dirt":3,"minecraft:azalea_leaves":3,"minecraft:bamboo":1,"minecraft:stone":59,"minecraft:fern":2}},"DataVersion":2975}