{"stats":{"minecraft:custom":{"minecraft:interact_with_furnace":28,"minecraft:mob_kills":21,"minecraft:interact_with_crafting_table":39,"minecraft:time_since_death":95888,"minecraft:sleep_in_bed":7,"minecraft:climb_one_cm":1986,"minecraft:time_since_rest":19425,"minecraft:sprint_one_cm":93655,"minecraft:damage_taken":950,"minecraft:walk_one_cm":415132,"minecraft:drop":29,"minecraft:damage_dealt":1926,"minecraft:fly_one_cm":142719,"minecraft:open_chest":19,"minecraft:crouch_one_cm":837,"minecraft:play_time":105692,"minecraft:deaths":1,"minecraft:sneak_time":610,"minecraft:jump":1156,"minecraft:total_world_time":105692,"minecraft:fall_one_cm":28333},"minecraft:crafted":{"minecraft:wooden_sword":1,"minecraft:wooden_shovel":3,"minecraft:spruce_sign":3,"minecraft:crafting_table":2,"minecraft:spruce_planks":140,"minecraft:wooden_pickaxe":3,"minecraft:iron_sword":1,"minecraft:spruce_door":3,"minecraft:furnace":1,"minecraft:bucket":1,"minecraft:stone_axe":1,"minecraft:cooked_mutton":19,"minecraft:air":376,"minecraft:spruce_trapdoor":8,"minecraft:charcoal":4,"minecraft:iron_axe":1,"minecraft:stick":32,"minecraft:iron_ingot":15,"minecraft:iron_pickaxe":2,"minecraft:stone_pickaxe":2,"minecraft:chest":2,"minecraft:iron_shovel":1,"minecraft:dark_oak_planks":32,"minecraft:torch":20},"minecraft:killed_by":{"minecraft:zombie":1},"minecraft:used":{"minecraft:calcite":84,"minecraft:cooked_mutton":10,"minecraft:iron_shovel":250,"minecraft:spruce_door":3,"minecraft:stone_pickaxe":88,"minecraft:spruce_planks":454,"minecraft:chest":3,"minecraft:wooden_pickaxe":108,"minecraft:spruce_sign":4,"minecraft:wooden_shovel":138,"minecraft:torch":41,"minecraft:dirt":13,"minecraft:crafting_table":5,"minecraft:dark_oak_planks":12,"minecraft:iron_axe":143,"minecraft:iron_pickaxe":502,"minecraft:spruce_trapdoor":15,"minecraft:stone_axe":108,"minecraft:wooden_sword":55,"minecraft:cobblestone":23,"minecraft:beef":6,"minecraft:furnace":2,"minecraft:coarse_dirt":127,"minecraft:light_gray_bed":3},"minecraft:killed":{"minecraft:sheep":15,"minecraft:zombie":2,"minecraft:chicken":1,"minecraft:cow":3},"minecraft:picked_up":{"minecraft:charcoal":2,"minecraft:coarse_dirt":324,"minecraft:crafting_table":3,"minecraft:feather":4,"minecraft:chicken":1,"minecraft:andesite":3,"minecraft:leather":5,"minecraft:brown_mushroom":2,"minecraft:stone_slab":2,"minecraft:wooden_pickaxe":2,"minecraft:flint":17,"minecraft:dirt":24,"minecraft:wooden_sword":7,"minecraft:cooked_mutton":2,"minecraft:blackstone":9,"minecraft:spruce_planks":110,"minecraft:beef":6,"minecraft:stone_pickaxe":1,"minecraft:calcite":515,"minecraft:iron_pickaxe":3,"minecraft:spruce_trapdoor":9,"minecraft:chest":1,"minecraft:furnace":1,"minecraft:dark_oak_sapling":1,"minecraft:stick":10,"minecraft:raw_iron":20,"minecraft:smooth_basalt":25,"minecraft:torch":23,"minecraft:gravel":128,"iceandfire:rotten_egg":1,"minecraft:spruce_sapling":12,"minecraft:spruce_log":133,"minecraft:dark_oak_log":8,"minecraft:spruce_door":2,"minecraft:dark_oak_planks":9,"minecraft:rotten_flesh":3,"minecraft:light_gray_bed":3,"minecraft:bone_meal":4,"minecraft:spruce_sign":2,"minecraft:mutton":23,"minecraft:coal":57,"minecraft:skeleton_skull":1,"minecraft:white_wool":15,"minecraft:cobblestone":59},"minecraft:dropped":{"byg:biomepedia":1,"minecraft:brown_mushroom":2,"minecraft:coarse_dirt":1,"alexsmobs:animal_dictionary":1,"minecraft:cooked_mutton":2,"bossominium:the_bossdexium":1,"minecraft:spruce_planks":1,"minecraft:wooden_sword":7,"minecraft:stone_pickaxe":1,"minecraft:wooden_pickaxe":2,"minecraft:iron_pickaxe":3,"minecraft:calcite":1,"minecraft:dark_oak_planks":7},"minecraft:mined":{"minecraft:dark_oak_planks":3,"minecraft:spruce_planks":102,"minecraft:blackstone":9,"minecraft:dark_oak_leaves":4,"minecraft:dark_oak_log":8,"minecraft:spruce_door":2,"minecraft:crafting_table":3,"minecraft:spruce_trapdoor":9,"gravestone:gravestone":1,"minecraft:grass_block":15,"minecraft:calcite":510,"minecraft:chest":1,"minecraft:light_gray_bed":3,"minecraft:stone_slab":2,"minecraft:spruce_wall_sign":2,"minecraft:cobblestone":5,"minecraft:spruce_leaves":1,"minecraft:wall_torch":11,"minecraft:skeleton_skull":1,"minecraft:coarse_dirt":298,"minecraft:furnace":1,"minecraft:iron_ore":20,"minecraft:spruce_log":133,"minecraft:andesite":3,"minecraft:coal_ore":57,"minecraft:gravel":142,"minecraft:smooth_basalt":25,"minecraft:stone":55},"minecraft:broken":{"minecraft:iron_shovel":1,"minecraft:wooden_shovel":2,"minecraft:wooden_sword":1,"minecraft:iron_pickaxe":2,"minecraft:wooden_pickaxe":1}},"DataVersion":2975}