{"stats":{"minecraft:custom":{"minecraft:interact_with_furnace":22,"minecraft:mob_kills":19,"minecraft:interact_with_crafting_table":27,"minecraft:time_since_death":35888,"minecraft:sleep_in_bed":5,"minecraft:climb_one_cm":1986,"minecraft:time_since_rest":346,"minecraft:sprint_one_cm":57691,"minecraft:damage_taken":500,"minecraft:walk_one_cm":140546,"minecraft:drop":27,"minecraft:damage_dealt":1530,"minecraft:fly_one_cm":97813,"minecraft:open_chest":12,"minecraft:crouch_one_cm":547,"minecraft:play_time":45692,"minecraft:deaths":1,"minecraft:sneak_time":250,"minecraft:jump":656,"minecraft:total_world_time":45692,"minecraft:fall_one_cm":15883},"minecraft:crafted":{"minecraft:wooden_sword":1,"minecraft:spruce_sign":3,"minecraft:crafting_table":2,"minecraft:spruce_planks":116,"minecraft:wooden_pickaxe":1,"minecraft:spruce_door":3,"minecraft:furnace":1,"minecraft:stone_axe":1,"minecraft:cooked_mutton":19,"minecraft:air":0,"minecraft:charcoal":4,"minecraft:stick":16,"minecraft:iron_ingot":12,"minecraft:iron_pickaxe":1,"minecraft:stone_pickaxe":1,"minecraft:chest":2,"minecraft:iron_shovel":1,"minecraft:dark_oak_planks":32,"minecraft:torch":12},"minecraft:killed_by":{"minecraft:zombie":1},"minecraft:used":{"minecraft:calcite":59,"minecraft:cooked_mutton":3,"minecraft:iron_shovel":156,"minecraft:spruce_door":3,"minecraft:stone_pickaxe":33,"minecraft:spruce_planks":26,"minecraft:chest":3,"minecraft:wooden_pickaxe":4,"minecraft:spruce_sign":4,"minecraft:torch":13,"minecraft:crafting_table":4,"minecraft:dark_oak_planks":12,"minecraft:iron_pickaxe":225,"minecraft:stone_axe":99,"minecraft:wooden_sword":43,"minecraft:cobblestone":23,"minecraft:beef":6,"minecraft:furnace":2,"minecraft:coarse_dirt":35,"minecraft:light_gray_bed":3},"minecraft:killed":{"minecraft:sheep":15,"minecraft:chicken":1,"minecraft:cow":3},"minecraft:picked_up":{"minecraft:charcoal":2,"minecraft:coarse_dirt":149,"minecraft:crafting_table":2,"minecraft:feather":4,"minecraft:chicken":1,"minecraft:andesite":3,"minecraft:leather":5,"minecraft:brown_mushroom":2,"minecraft:stone_slab":2,"minecraft:wooden_pickaxe":2,"minecraft:flint":3,"minecraft:dirt":23,"minecraft:wooden_sword":7,"minecraft:cooked_mutton":2,"minecraft:blackstone":2,"minecraft:spruce_planks":6,"minecraft:beef":6,"minecraft:stone_pickaxe":1,"minecraft:calcite":174,"minecraft:iron_pickaxe":2,"minecraft:chest":1,"minecraft:furnace":1,"minecraft:dark_oak_sapling":1,"minecraft:stick":2,"minecraft:raw_iron":12,"minecraft:smooth_basalt":4,"minecraft:torch":2,"minecraft:gravel":24,"iceandfire:rotten_egg":1,"minecraft:spruce_sapling":5,"minecraft:spruce_log":85,"minecraft:dark_oak_log":8,"minecraft:spruce_door":2,"minecraft:dark_oak_planks":9,"minecraft:light_gray_bed":3,"minecraft:bone_meal":4,"minecraft:spruce_sign":2,"minecraft:mutton":23,"minecraft:coal":15,"minecraft:skeleton_skull":1,"minecraft:white_wool":15,"minecraft:cobblestone":38},"minecraft:dropped":{"byg:biomepedia":1,"minecraft:brown_mushroom":2,"minecraft:coarse_dirt":1,"alexsmobs:animal_dictionary":1,"minecraft:cooked_mutton":2,"bossominium:the_bossdexium":1,"minecraft:wooden_sword":7,"minecraft:stone_pickaxe":1,"minecraft:wooden_pickaxe":2,"minecraft:iron_pickaxe":2,"minecraft:calcite":1,"minecraft:dark_oak_planks":7},"minecraft:mined":{"minecraft:dark_oak_planks":3,"minecraft:spruce_planks":6,"minecraft:blackstone":2,"minecraft:dark_oak_leaves":4,"minecraft:dark_oak_log":8,"minecraft:spruce_door":2,"minecraft:crafting_table":2,"gravestone:gravestone":1,"minecraft:grass_block":15,"minecraft:calcite":173,"minecraft:chest":1,"minecraft:light_gray_bed":3,"minecraft:stone_slab":2,"minecraft:spruce_wall_sign":2,"minecraft:cobblestone":5,"minecraft:spruce_leaves":1,"minecraft:wall_torch":2,"minecraft:skeleton_skull":1,"minecraft:coarse_dirt":148,"minecraft:furnace":1,"minecraft:iron_ore":12,"minecraft:spruce_log":85,"minecraft:andesite":3,"minecraft:coal_ore":15,"minecraft:gravel":25,"minecraft:smooth_basalt":4,"minecraft:stone":34}},"DataVersion":2975}