{"stats":{"minecraft:custom":{"minecraft:interact_with_furnace":33,"minecraft:mob_kills":26,"minecraft:interact_with_crafting_table":43,"minecraft:leave_game":1,"minecraft:time_since_death":116720,"minecraft:sleep_in_bed":9,"minecraft:climb_one_cm":1986,"minecraft:time_since_rest":15010,"minecraft:sprint_one_cm":137118,"minecraft:damage_taken":1620,"minecraft:walk_one_cm":453538,"minecraft:drop":29,"minecraft:damage_dealt":2766,"minecraft:swim_one_cm":395,"minecraft:fly_one_cm":257514,"minecraft:open_chest":21,"minecraft:crouch_one_cm":837,"minecraft:play_time":126524,"minecraft:deaths":1,"minecraft:sneak_time":610,"minecraft:walk_under_water_one_cm":30,"minecraft:jump":1735,"minecraft:walk_on_water_one_cm":1630,"minecraft:total_world_time":126524,"minecraft:fall_one_cm":52188},"minecraft:crafted":{"minecraft:wooden_sword":1,"minecraft:wooden_shovel":3,"minecraft:spruce_sign":3,"minecraft:crafting_table":2,"minecraft:spruce_planks":140,"minecraft:wooden_pickaxe":3,"minecraft:iron_sword":1,"minecraft:spruce_door":3,"minecraft:furnace":1,"minecraft:bucket":1,"minecraft:stone_axe":1,"minecraft:cooked_mutton":19,"minecraft:air":376,"minecraft:spruce_trapdoor":8,"minecraft:charcoal":4,"minecraft:iron_axe":1,"minecraft:stick":40,"minecraft:iron_ingot":20,"minecraft:iron_pickaxe":3,"minecraft:stone_pickaxe":2,"minecraft:chest":2,"minecraft:iron_shovel":1,"minecraft:dark_oak_planks":32,"minecraft:torch":20},"minecraft:killed_by":{"minecraft:zombie":1},"minecraft:used":{"minecraft:calcite":84,"minecraft:cooked_mutton":19,"minecraft:water_bucket":3,"minecraft:iron_shovel":250,"minecraft:spruce_door":3,"minecraft:stone_pickaxe":88,"minecraft:spruce_planks":454,"minecraft:chest":3,"minecraft:wooden_pickaxe":108,"minecraft:iron_sword":17,"minecraft:spruce_sign":4,"minecraft:wooden_shovel":138,"minecraft:torch":41,"minecraft:dirt":13,"minecraft:crafting_table":5,"minecraft:dark_oak_planks":12,"minecraft:iron_axe":143,"minecraft:iron_pickaxe":532,"minecraft:spruce_trapdoor":15,"minecraft:stone_axe":108,"minecraft:wooden_sword":55,"minecraft:cobblestone":23,"minecraft:beef":6,"minecraft:furnace":2,"minecraft:bucket":3,"minecraft:coarse_dirt":127,"minecraft:light_gray_bed":3},"minecraft:killed":{"minecraft:spider":2,"minecraft:skeleton":3,"minecraft:sheep":15,"minecraft:zombie":2,"minecraft:chicken":1,"minecraft:cow":3},"minecraft:dropped":{"byg:biomepedia":1,"minecraft:brown_mushroom":2,"minecraft:coarse_dirt":1,"alexsmobs:animal_dictionary":1,"minecraft:cooked_mutton":2,"bossominium:the_bossdexium":1,"minecraft:spruce_planks":1,"minecraft:wooden_sword":7,"minecraft:stone_pickaxe":1,"minecraft:wooden_pickaxe":2,"minecraft:iron_pickaxe":3,"minecraft:calcite":1,"minecraft:dark_oak_planks":7},"minecraft:mined":{"minecraft:dark_oak_planks":3,"minecraft:spruce_planks":102,"minecraft:brown_mushroom":1,"minecraft:blackstone":9,"minecraft:dark_oak_leaves":4,"minecraft:dark_oak_log":8,"minecraft:spruce_door":2,"minecraft:crafting_table":3,"minecraft:spruce_trapdoor":9,"gravestone:gravestone":1,"minecraft:grass_block":15,"minecraft:calcite":510,"minecraft:chest":1,"minecraft:light_gray_bed":3,"minecraft:stone_slab":2,"minecraft:spruce_wall_sign":2,"minecraft:cobblestone":5,"minecraft:spruce_leaves":1,"minecraft:wall_torch":11,"minecraft:skeleton_skull":1,"minecraft:magma_block":1,"minecraft:coarse_dirt":298,"minecraft:furnace":1,"minecraft:iron_ore":46,"minecraft:spruce_log":133,"minecraft:birch_leaves":2,"minecraft:andesite":3,"minecraft:grass":11,"minecraft:coal_ore":57,"minecraft:gravel":142,"minecraft:smooth_basalt":25,"minecraft:stone":57,"minecraft:fern":2},"minecraft:picked_up":{"minecraft:magma_block":1,"minecraft:charcoal":2,"minecraft:coarse_dirt":324,"minecraft:crafting_table":3,"minecraft:feather":4,"minecraft:chicken":1,"minecraft:andesite":3,"minecraft:leather":5,"minecraft:brown_mushroom":3,"minecraft:stone_slab":2,"minecraft:wooden_pickaxe":2,"minecraft:flint":17,"minecraft:string":2,"minecraft:dirt":24,"minecraft:wooden_sword":7,"minecraft:cooked_mutton":2,"minecraft:bone":2,"minecraft:blackstone":9,"minecraft:wheat_seeds":1,"minecraft:spruce_planks":110,"minecraft:beef":6,"minecraft:stone_pickaxe":1,"minecraft:calcite":515,"minecraft:iron_pickaxe":3,"minecraft:spruce_trapdoor":9,"minecraft:chest":1,"minecraft:furnace":1,"minecraft:dark_oak_sapling":1,"minecraft:stick":10,"minecraft:raw_iron":46,"minecraft:smooth_basalt":25,"minecraft:torch":23,"minecraft:gravel":128,"iceandfire:rotten_egg":1,"minecraft:spruce_sapling":12,"minecraft:spruce_log":133,"minecraft:spider_eye":1,"minecraft:dark_oak_log":8,"minecraft:spruce_door":2,"minecraft:dark_oak_planks":9,"minecraft:arrow":1,"minecraft:rotten_flesh":3,"minecraft:light_gray_bed":3,"minecraft:bone_meal":4,"minecraft:spruce_sign":2,"minecraft:mutton":23,"minecraft:coal":57,"minecraft:skeleton_skull":1,"minecraft:white_wool":15,"minecraft:cobblestone":61},"minecraft:broken":{"minecraft:iron_shovel":1,"minecraft:wooden_shovel":2,"minecraft:wooden_sword":1,"minecraft:iron_pickaxe":2,"minecraft:wooden_pickaxe":1}},"DataVersion":2975}