{"stats":{"minecraft:used":{"minecraft:stone_sword":106,"minecraft:stone_pickaxe":67,"minecraft:wooden_pickaxe":9,"minecraft:rotten_flesh":2,"minecraft:torch":7,"minecraft:mutton":9,"minecraft:crafting_table":4,"minecraft:white_bed":1,"minecraft:stone_axe":55,"minecraft:cobblestone":39,"minecraft:beef":10,"minecraft:cooked_porkchop":1,"minecraft:cooked_beef":6},"minecraft:custom":{"minecraft:interact_with_furnace":1,"minecraft:mob_kills":31,"minecraft:interact_with_crafting_table":6,"minecraft:leave_game":2,"minecraft:time_since_death":20124,"minecraft:time_since_rest":20171,"minecraft:sprint_one_cm":203662,"minecraft:damage_taken":1905,"minecraft:walk_one_cm":93635,"minecraft:drop":7,"minecraft:damage_dealt":4716,"minecraft:swim_one_cm":31503,"minecraft:fly_one_cm":205402,"minecraft:open_chest":6,"minecraft:crouch_one_cm":698,"minecraft:play_time":57431,"minecraft:deaths":4,"minecraft:sneak_time":2191,"minecraft:walk_under_water_one_cm":2028,"minecraft:jump":871,"minecraft:walk_on_water_one_cm":9944,"minecraft:total_world_time":57431,"minecraft:fall_one_cm":24146},"minecraft:killed_by":{"minecraft:zombie":1,"alexsmobs:grizzly_bear":1,"iceandfire:ghost":1},"minecraft:killed":{"minecraft:pig":8,"minecraft:spider":6,"minecraft:sheep":6,"minecraft:skeleton":3,"minecraft:zombie":3,"minecraft:cow":5},"minecraft:crafted":{"minecraft:coal":18,"minecraft:crafting_table":1,"minecraft:wooden_pickaxe":1,"minecraft:air":57,"minecraft:stick":20,"minecraft:stone_pickaxe":1,"minecraft:stone_sword":1,"minecraft:white_bed":1,"byg:aspen_planks":20},"minecraft:dropped":{"minecraft:stone_axe":1,"gravestone:obituary":3,"minecraft:spider_eye":1,"minecraft:arrow":1,"minecraft:wooden_pickaxe":1},"minecraft:mined":{"minecraft:crafting_table":4,"gravestone:gravestone":4,"byg:aspen_log":5,"minecraft:coal_block":2,"minecraft:cobblestone":19,"minecraft:spawner":5,"minecraft:furnace":1,"minecraft:iron_ore":1,"minecraft:grass":12,"minecraft:coal_ore":14,"minecraft:oak_log":51,"minecraft:iron_bars":2,"minecraft:stone":32},"minecraft:picked_up":{"minecraft:crafting_table":4,"minecraft:leather_leggings":1,"minecraft:leather":2,"minecraft:oak_log":53,"evilcraft:flesh_humanoid":2,"minecraft:string":7,"minecraft:leather_boots":1,"minecraft:bone":3,"minecraft:wheat_seeds":3,"minecraft:beef":10,"minecraft:light_gray_wool":1,"minecraft:coal_block":2,"byg:rose":2,"minecraft:furnace":1,"minecraft:raw_iron":1,"minecraft:stick":1,"minecraft:cooked_porkchop":1,"minecraft:porkchop":19,"minecraft:spider_eye":1,"minecraft:arrow":5,"minecraft:rotten_flesh":6,"byg:aspen_log":5,"minecraft:stone_axe":1,"minecraft:gray_wool":1,"minecraft:mutton":10,"minecraft:iron_bars":2,"minecraft:coal":13,"minecraft:white_wool":4,"minecraft:cobblestone":50}},"DataVersion":2975}