{"stats":{"minecraft:used":{"minecraft:stone_sword":36,"minecraft:stone_pickaxe":15,"minecraft:wooden_pickaxe":9,"minecraft:rotten_flesh":2,"minecraft:stone_axe":53,"minecraft:cobblestone":4,"minecraft:beef":1,"minecraft:crafting_table":2,"minecraft:cooked_porkchop":1},"minecraft:custom":{"minecraft:time_since_rest":4891,"minecraft:sprint_one_cm":79421,"minecraft:damage_taken":650,"minecraft:walk_one_cm":39038,"minecraft:mob_kills":12,"minecraft:drop":3,"minecraft:damage_dealt":1800,"minecraft:interact_with_crafting_table":3,"minecraft:fly_one_cm":79129,"minecraft:play_time":17531,"minecraft:deaths":2,"minecraft:jump":336,"minecraft:leave_game":2,"minecraft:time_since_death":4858,"minecraft:walk_on_water_one_cm":1555,"minecraft:total_world_time":17531,"minecraft:fall_one_cm":9150},"minecraft:killed_by":{"minecraft:zombie":1,"alexsmobs:grizzly_bear":1},"minecraft:crafted":{"minecraft:crafting_table":1,"minecraft:stick":20,"minecraft:wooden_pickaxe":1,"minecraft:stone_pickaxe":1,"minecraft:stone_sword":1,"minecraft:air":1,"byg:aspen_planks":20},"minecraft:killed":{"minecraft:zombie":1,"minecraft:pig":6,"minecraft:spider":1,"minecraft:cow":4},"minecraft:dropped":{"minecraft:stone_axe":1,"gravestone:obituary":1,"minecraft:wooden_pickaxe":1},"minecraft:mined":{"minecraft:iron_ore":1,"minecraft:crafting_table":2,"gravestone:gravestone":2,"minecraft:grass":12,"minecraft:oak_log":51,"minecraft:coal_ore":4,"byg:aspen_log":5,"minecraft:coal_block":2,"minecraft:stone":17},"minecraft:picked_up":{"minecraft:crafting_table":2,"minecraft:stick":1,"minecraft:raw_iron":1,"minecraft:cooked_porkchop":1,"minecraft:leather":2,"minecraft:porkchop":15,"minecraft:oak_log":53,"evilcraft:flesh_humanoid":1,"minecraft:rotten_flesh":3,"byg:aspen_log":5,"minecraft:stone_axe":1,"minecraft:wheat_seeds":3,"minecraft:beef":7,"minecraft:coal_block":2,"minecraft:coal":3,"minecraft:cobblestone":17}},"DataVersion":2975}