{"stats":{"minecraft:used":{"minecraft:stone_sword":68,"minecraft:stone_pickaxe":40,"minecraft:wooden_pickaxe":9,"minecraft:rotten_flesh":2,"minecraft:stone_axe":53,"minecraft:mutton":6,"minecraft:cobblestone":23,"minecraft:beef":10,"minecraft:crafting_table":2,"minecraft:cooked_porkchop":1},"minecraft:custom":{"minecraft:time_since_rest":8171,"minecraft:sprint_one_cm":167664,"minecraft:damage_taken":1320,"minecraft:walk_one_cm":51054,"minecraft:mob_kills":22,"minecraft:drop":5,"minecraft:damage_dealt":3163,"minecraft:swim_one_cm":31503,"minecraft:interact_with_crafting_table":3,"minecraft:fly_one_cm":200387,"minecraft:open_chest":1,"minecraft:crouch_one_cm":698,"minecraft:play_time":45431,"minecraft:deaths":4,"minecraft:sneak_time":2191,"minecraft:walk_under_water_one_cm":2028,"minecraft:jump":833,"minecraft:leave_game":2,"minecraft:time_since_death":8124,"minecraft:walk_on_water_one_cm":9944,"minecraft:total_world_time":45431,"minecraft:fall_one_cm":23937},"minecraft:killed_by":{"iceandfire:ghost":1,"minecraft:zombie":1,"alexsmobs:grizzly_bear":1},"minecraft:crafted":{"minecraft:coal":18,"minecraft:crafting_table":1,"minecraft:stick":20,"minecraft:wooden_pickaxe":1,"minecraft:stone_pickaxe":1,"minecraft:stone_sword":1,"minecraft:air":1,"byg:aspen_planks":20},"minecraft:dropped":{"minecraft:stone_axe":1,"gravestone:obituary":3,"minecraft:wooden_pickaxe":1},"minecraft:killed":{"minecraft:sheep":6,"minecraft:zombie":2,"minecraft:pig":8,"minecraft:spider":1,"minecraft:cow":5},"minecraft:mined":{"minecraft:iron_ore":1,"minecraft:crafting_table":2,"gravestone:gravestone":4,"minecraft:grass":12,"minecraft:oak_log":51,"minecraft:coal_ore":14,"byg:aspen_log":5,"minecraft:coal_block":2,"minecraft:stone":32},"minecraft:picked_up":{"minecraft:crafting_table":2,"minecraft:stick":1,"minecraft:raw_iron":1,"minecraft:cooked_porkchop":1,"minecraft:leather":2,"minecraft:porkchop":19,"minecraft:oak_log":53,"evilcraft:flesh_humanoid":2,"minecraft:rotten_flesh":4,"byg:aspen_log":5,"minecraft:stone_axe":1,"minecraft:wheat_seeds":3,"minecraft:beef":10,"minecraft:gray_wool":1,"minecraft:light_gray_wool":1,"minecraft:mutton":10,"minecraft:coal_block":2,"minecraft:coal":13,"minecraft:white_wool":4,"byg:rose":2,"minecraft:cobblestone":31}},"DataVersion":2975}