{"stats":{"minecraft:mined":{"byg:pink_allium_flower_bush":1,"gravestone:gravestone":3,"minecraft:granite":27,"minecraft:grass_block":12,"minecraft:hay_block":48,"minecraft:magma_block":43,"minecraft:iron_ore":115,"minecraft:cobbled_deepslate":1,"minecraft:fire":1,"minecraft:andesite":1,"minecraft:bell":1,"minecraft:red_tulip":2,"minecraft:vine":1,"minecraft:stone":160,"byg:cypress_leaves":13,"beyond_earth:sky_stone":5,"minecraft:basalt":6,"minecraft:polished_granite":13,"minecraft:crafting_table":6,"supplementaries:item_shelf":1,"minecraft:melon":4,"minecraft:stone_slab":2,"minecraft:cobblestone":14,"minecraft:birch_log":6,"minecraft:spruce_log":4,"minecraft:black_bed":6,"minecraft:yellow_bed":1,"byg:guzmania":1,"minecraft:grass":15,"minecraft:oak_log":33,"minecraft:coal_ore":90,"minecraft:dirt":19,"byg:tall_pink_allium":2,"byg:tall_allium":1,"minecraft:oak_leaves":3,"minecraft:fern":3},"minecraft:dropped":{"byg:cypress_log":1,"minecraft:wheat_seeds":5,"minecraft:crafting_table":1,"byg:allium_flower_bush":2,"minecraft:cobblestone":1,"minecraft:black_bed":1,"minecraft:granite":24,"minecraft:stick":1,"byg:pink_allium_flower_bush":6,"minecraft:torch":1,"gravestone:obituary":7,"minecraft:birch_log":2,"minecraft:bone":2,"minecraft:birch_sapling":1,"byg:guzmania":1,"minecraft:rotten_flesh":6,"byg:tall_allium":8,"byg:cypress_sapling":1,"minecraft:azure_bluet":1,"minecraft:andesite":1,"minecraft:yellow_bed":1,"minecraft:oak_sapling":1,"beyond_earth:moon_sand":1,"minecraft:spider_eye":1,"minecraft:arrow":1,"minecraft:polished_granite":11},"minecraft:killed":{"minecraft:witch":1,"minecraft:spider":2,"minecraft:skeleton":6,"minecraft:chicken":7,"minecraft:pig":1,"minecraft:creeper":1,"minecraft:sheep":12,"minecraft:zombie":7,"minecraft:cow":11},"minecraft:picked_up":{"minecraft:crafting_table":7,"minecraft:azure_bluet":1,"minecraft:chicken":6,"minecraft:brown_mushroom":2,"minecraft:stone_slab":2,"minecraft:chain":1,"gravestone:obituary":3,"minecraft:string":2,"minecraft:item_frame":1,"byg:pink_allium_flower_bush":6,"minecraft:beef":25,"minecraft:azalea":1,"minecraft:light_gray_wool":2,"minecraft:melon_slice":24,"minecraft:birch_sapling":1,"minecraft:iron_boots":1,"minecraft:stick":1,"minecraft:raw_iron":115,"minecraft:torch":1,"minecraft:porkchop":3,"beyond_earth:sky_stone":4,"minecraft:iron_horse_armor":1,"minecraft:arrow":1,"minecraft:rotten_flesh":14,"minecraft:hay_block":48,"minecraft:red_tulip":2,"byg:guzmania":1,"minecraft:mutton":19,"minecraft:cobblestone":174,"minecraft:white_wool":9,"minecraft:birch_log":9,"minecraft:magma_block":29,"minecraft:feather":7,"minecraft:basalt":5,"minecraft:andesite":1,"minecraft:brown_wool":1,"minecraft:black_bed":6,"minecraft:leather":9,"byg:cypress_log":2,"supplementaries:item_shelf":1,"minecraft:oak_log":32,"minecraft:yellow_bed":1,"minecraft:dirt":52,"minecraft:polished_granite":13,"minecraft:bone":4,"minecraft:wheat_seeds":5,"byg:allium_flower_bush":2,"minecraft:bell":1,"minecraft:glass_bottle":1,"byg:cypress_sapling":1,"minecraft:book":1,"minecraft:spruce_log":4,"minecraft:spider_eye":1,"waystones:waystone":1,"byg:tall_allium":8,"minecraft:granite":26,"minecraft:oak_sapling":1,"minecraft:coal":90},"minecraft:broken":{"minecraft:stone_pickaxe":1},"minecraft:killed_by":{"minecraft:spider":1,"iceandfire:hydra":2,"minecraft:skeleton":2,"minecraft:zombie":1},"minecraft:crafted":{"minecraft:oak_planks":128,"minecraft:iron_nugget":9,"minecraft:chain":3,"irons_spellbooks:iron_spell_book":1,"minecraft:cooked_chicken":6,"minecraft:furnace":1,"minecraft:cooked_mutton":5,"minecraft:iron_boots":1,"minecraft:iron_axe":1,"minecraft:chest":2,"minecraft:oak_fence":3,"minecraft:smoker":1,"minecraft:wheat":432,"minecraft:cooked_beef":25,"minecraft:oak_slab":6,"supplementaries:item_shelf":2,"sophisticatedbackpacks:backpack":1,"minecraft:cooked_porkchop":3,"minecraft:crafting_table":2,"minecraft:iron_sword":1,"minecraft:birch_planks":28,"minecraft:bread":21,"minecraft:air":150,"minecraft:stick":40,"minecraft:iron_ingot":87,"minecraft:iron_pickaxe":2,"minecraft:iron_leggings":1,"irons_spellbooks:inscription_table":1,"minecraft:torch":20},"minecraft:custom":{"minecraft:mob_kills":50,"minecraft:interact_with_crafting_table":45,"minecraft:leave_game":6,"minecraft:time_since_death":37311,"minecraft:climb_one_cm":18743,"minecraft:sprint_one_cm":506808,"minecraft:walk_one_cm":318667,"minecraft:damage_blocked_by_shield":715,"minecraft:drop":88,"minecraft:talked_to_villager":23,"minecraft:play_time":254501,"minecraft:deaths":6,"minecraft:sneak_time":4431,"minecraft:walk_under_water_one_cm":3098,"minecraft:jump":3129,"minecraft:walk_on_water_one_cm":8046,"minecraft:total_world_time":254501,"minecraft:interact_with_furnace":24,"minecraft:sleep_in_bed":7,"minecraft:time_since_rest":17804,"minecraft:waystone_activated":1,"minecraft:damage_taken":4042,"minecraft:damage_dealt":6094,"minecraft:swim_one_cm":26531,"minecraft:fly_one_cm":596188,"minecraft:open_chest":61,"minecraft:crouch_one_cm":9475,"minecraft:interact_with_smoker":22,"minecraft:fall_one_cm":94866},"minecraft:used":{"irons_spellbooks:inscription_table":1,"minecraft:stone_sword":67,"minecraft:chest":2,"minecraft:shield":53,"minecraft:iron_sword":63,"minecraft:bell":1,"minecraft:cooked_chicken":1,"minecraft:torch":6,"minecraft:dirt":9,"minecraft:mutton":2,"minecraft:granite":2,"supplementaries:item_shelf":1,"minecraft:red_tulip":1,"minecraft:iron_axe":2,"minecraft:rabbit_stew":1,"minecraft:furnace":1,"minecraft:cooked_beef":5,"minecraft:stone_pickaxe":140,"minecraft:wooden_pickaxe":8,"minecraft:crafting_table":7,"minecraft:black_bed":4,"minecraft:smoker":1,"waystones:waystone":1,"minecraft:melon_slice":6,"minecraft:bread":41,"minecraft:iron_pickaxe":349,"minecraft:polished_granite":2,"minecraft:stone_axe":50,"minecraft:fire_charge":1,"minecraft:cobblestone":86,"byg:cypress_log":1}},"DataVersion":2975}