{"stats":{"minecraft:used":{"minecraft:iron_bars":1,"minecraft:stone_sword":267,"minecraft:stone_pickaxe":105,"minecraft:oak_planks":27,"minecraft:wooden_pickaxe":9,"minecraft:rotten_flesh":4,"minecraft:torch":18,"minecraft:golden_apple":1,"minecraft:mutton":9,"minecraft:crafting_table":5,"minecraft:white_bed":1,"minecraft:melon_slice":1,"minecraft:iron_pickaxe":2,"minecraft:stone_axe":61,"minecraft:cobblestone":55,"minecraft:beef":10,"minecraft:furnace":1,"minecraft:cooked_porkchop":17,"minecraft:cooked_beef":6},"minecraft:custom":{"minecraft:interact_with_furnace":6,"minecraft:mob_kills":70,"minecraft:interact_with_crafting_table":7,"minecraft:leave_game":2,"minecraft:time_since_death":2208,"minecraft:sleep_in_bed":1,"minecraft:climb_one_cm":407,"minecraft:time_since_rest":2236,"minecraft:sprint_one_cm":423982,"minecraft:damage_absorbed":39,"minecraft:damage_taken":5157,"minecraft:walk_one_cm":248161,"minecraft:drop":17,"minecraft:damage_dealt":11837,"minecraft:swim_one_cm":46299,"minecraft:fly_one_cm":368401,"minecraft:open_chest":38,"minecraft:play_time":102711,"minecraft:crouch_one_cm":2067,"minecraft:deaths":9,"minecraft:sneak_time":2706,"minecraft:walk_under_water_one_cm":2557,"minecraft:jump":1459,"minecraft:walk_on_water_one_cm":10883,"minecraft:total_world_time":102711,"minecraft:fall_one_cm":40058},"minecraft:broken":{"minecraft:stone_sword":1},"minecraft:killed_by":{"irons_spellbooks:pyromancer":1,"minecraft:skeleton":2,"minecraft:zombie":2,"alexsmobs:grizzly_bear":1,"iceandfire:ghost":1},"minecraft:killed":{"minecraft:pig":8,"iceandfire:troll":1,"minecraft:spider":25,"minecraft:skeleton":13,"minecraft:sheep":6,"minecraft:zombie":12,"minecraft:cow":5},"minecraft:crafted":{"minecraft:coal":18,"minecraft:cooked_porkchop":19,"minecraft:crafting_table":1,"minecraft:wooden_pickaxe":1,"minecraft:air":57,"minecraft:stick":20,"minecraft:stone_pickaxe":1,"minecraft:stone_sword":2,"minecraft:white_bed":1,"byg:aspen_planks":20},"minecraft:dropped":{"minecraft:stone_axe":1,"minecraft:rose_bush":1,"minecraft:wooden_shovel":2,"gravestone:obituary":5,"minecraft:spider_eye":2,"minecraft:stone_bricks":3,"minecraft:arrow":8,"minecraft:wooden_pickaxe":1},"minecraft:mined":{"minecraft:mossy_cobblestone":1,"minecraft:crafting_table":5,"byg:willow_leaves":2,"minecraft:torch":3,"gravestone:gravestone":7,"byg:aspen_log":5,"minecraft:rose_bush":1,"minecraft:coal_block":2,"minecraft:cobblestone":32,"minecraft:wall_torch":2,"minecraft:spawner":17,"minecraft:furnace":1,"minecraft:iron_ore":1,"minecraft:grass":13,"minecraft:oak_log":51,"minecraft:coal_ore":14,"minecraft:iron_bars":8,"minecraft:cracked_stone_bricks":3,"minecraft:stone":33,"minecraft:stone_bricks":2},"minecraft:picked_up":{"minecraft:crafting_table":5,"minecraft:leather_chestplate":1,"minecraft:leather_leggings":1,"minecraft:leather":2,"minecraft:oak_log":53,"evilcraft:flesh_humanoid":2,"byg:willow_sapling":1,"minecraft:string":21,"minecraft:leather_boots":1,"minecraft:bone":11,"minecraft:stone_bricks":4,"minecraft:cracked_stone_bricks":2,"minecraft:wheat_seeds":3,"minecraft:beef":10,"minecraft:rose_bush":1,"minecraft:wooden_shovel":2,"minecraft:light_gray_wool":1,"minecraft:coal_block":2,"minecraft:furnace":1,"byg:rose":2,"minecraft:stick":1,"minecraft:raw_iron":1,"iceandfire:troll_tusk":1,"minecraft:cooked_porkchop":1,"minecraft:torch":7,"minecraft:porkchop":19,"minecraft:spider_eye":8,"minecraft:arrow":12,"minecraft:rotten_flesh":18,"byg:aspen_log":5,"minecraft:stone_axe":1,"minecraft:gray_wool":1,"minecraft:emerald":1,"minecraft:mutton":10,"minecraft:iron_bars":8,"minecraft:coal":13,"minecraft:white_wool":4,"minecraft:cobblestone":65}},"DataVersion":2975}