{"stats":{"minecraft:mined":{"minecraft:birch_log":6,"minecraft:crafting_table":1},"minecraft:custom":{"minecraft:time_since_rest":10924,"minecraft:open_chest":1,"minecraft:sprint_one_cm":11407,"minecraft:play_time":10924,"minecraft:damage_taken":340,"minecraft:walk_one_cm":18729,"minecraft:sneak_time":36,"minecraft:mob_kills":1,"minecraft:drop":3,"minecraft:jump":32,"minecraft:damage_dealt":51,"minecraft:leave_game":3,"minecraft:time_since_death":10924,"minecraft:climb_one_cm":2705,"minecraft:total_world_time":10924,"minecraft:interact_with_crafting_table":1,"minecraft:fall_one_cm":756,"minecraft:fly_one_cm":3627},"minecraft:killed":{"minecraft:zombie":1},"minecraft:picked_up":{"minecraft:birch_log":9,"minecraft:crafting_table":1,"minecraft:azure_bluet":1,"minecraft:rotten_flesh":2},"minecraft:crafted":{"minecraft:birch_planks":28,"minecraft:air":17},"minecraft:used":{"minecraft:rabbit_stew":1,"minecraft:crafting_table":1},"minecraft:dropped":{"minecraft:azure_bluet":1,"minecraft:birch_log":2}},"DataVersion":2975}