{"stats":{"minecraft:mined":{"minecraft:polished_granite":13,"byg:pink_allium_flower_bush":1,"minecraft:crafting_table":5,"gravestone:gravestone":1,"minecraft:granite":27,"supplementaries:item_shelf":1,"minecraft:grass_block":7,"minecraft:melon":1,"minecraft:stone_slab":2,"minecraft:cobblestone":10,"minecraft:hay_block":48,"minecraft:birch_log":6,"minecraft:iron_ore":87,"minecraft:cobbled_deepslate":1,"minecraft:spruce_log":4,"minecraft:andesite":1,"minecraft:black_bed":5,"minecraft:yellow_bed":1,"minecraft:bell":1,"minecraft:grass":7,"minecraft:oak_log":33,"minecraft:red_tulip":2,"minecraft:coal_ore":75,"minecraft:dirt":18,"byg:tall_pink_allium":2,"minecraft:stone":151,"byg:tall_allium":1,"minecraft:oak_leaves":2,"minecraft:fern":2},"minecraft:custom":{"minecraft:interact_with_furnace":22,"minecraft:mob_kills":29,"minecraft:interact_with_crafting_table":39,"minecraft:leave_game":4,"minecraft:time_since_death":160741,"minecraft:sleep_in_bed":4,"minecraft:climb_one_cm":9768,"minecraft:time_since_rest":30817,"minecraft:waystone_activated":1,"minecraft:sprint_one_cm":283641,"minecraft:damage_taken":1760,"minecraft:walk_one_cm":182711,"minecraft:damage_blocked_by_shield":200,"minecraft:drop":67,"minecraft:damage_dealt":3203,"minecraft:talked_to_villager":23,"minecraft:swim_one_cm":23955,"minecraft:fly_one_cm":339325,"minecraft:open_chest":40,"minecraft:crouch_one_cm":608,"minecraft:play_time":190195,"minecraft:deaths":2,"minecraft:sneak_time":751,"minecraft:walk_under_water_one_cm":2457,"minecraft:jump":1833,"minecraft:walk_on_water_one_cm":4678,"minecraft:interact_with_smoker":17,"minecraft:total_world_time":190195,"minecraft:fall_one_cm":53492},"minecraft:killed":{"minecraft:spider":1,"minecraft:creeper":1,"minecraft:sheep":5,"minecraft:skeleton":1,"minecraft:zombie":3,"minecraft:chicken":7,"minecraft:cow":11},"minecraft:killed_by":{"minecraft:spider":1,"minecraft:zombie":1},"minecraft:picked_up":{"minecraft:birch_log":9,"minecraft:crafting_table":6,"minecraft:azure_bluet":1,"minecraft:feather":7,"minecraft:chicken":6,"minecraft:andesite":1,"minecraft:leather":9,"minecraft:black_bed":5,"minecraft:stone_slab":2,"supplementaries:item_shelf":1,"minecraft:oak_log":32,"gravestone:obituary":1,"minecraft:yellow_bed":1,"minecraft:string":2,"minecraft:dirt":22,"minecraft:polished_granite":13,"minecraft:item_frame":1,"minecraft:bone":1,"minecraft:wheat_seeds":2,"byg:allium_flower_bush":2,"minecraft:bell":1,"byg:pink_allium_flower_bush":6,"minecraft:beef":25,"minecraft:light_gray_wool":1,"minecraft:melon_slice":6,"minecraft:book":1,"minecraft:raw_iron":87,"minecraft:torch":1,"minecraft:spruce_log":4,"minecraft:spider_eye":1,"minecraft:iron_horse_armor":1,"minecraft:arrow":1,"minecraft:rotten_flesh":7,"waystones:waystone":1,"byg:tall_allium":8,"minecraft:hay_block":48,"minecraft:granite":26,"minecraft:red_tulip":2,"minecraft:cobblestone":159,"minecraft:mutton":7,"minecraft:coal":75,"minecraft:white_wool":4},"minecraft:crafted":{"minecraft:cooked_beef":25,"supplementaries:item_shelf":2,"minecraft:oak_slab":6,"minecraft:oak_planks":128,"minecraft:iron_nugget":9,"minecraft:crafting_table":2,"irons_spellbooks:iron_spell_book":1,"minecraft:chain":3,"minecraft:cooked_chicken":6,"minecraft:iron_sword":1,"minecraft:furnace":1,"minecraft:birch_planks":28,"minecraft:cooked_mutton":5,"minecraft:bread":21,"minecraft:air":148,"minecraft:iron_axe":1,"minecraft:stick":40,"minecraft:iron_ingot":87,"minecraft:iron_pickaxe":2,"minecraft:chest":2,"irons_spellbooks:inscription_table":1,"minecraft:torch":20,"minecraft:oak_fence":3,"minecraft:smoker":1,"minecraft:wheat":432},"minecraft:used":{"minecraft:stone_sword":67,"minecraft:stone_pickaxe":140,"minecraft:shield":9,"minecraft:chest":2,"minecraft:wooden_pickaxe":8,"minecraft:bell":1,"minecraft:cooked_chicken":1,"minecraft:torch":4,"minecraft:dirt":7,"minecraft:mutton":2,"minecraft:crafting_table":6,"minecraft:black_bed":2,"minecraft:granite":2,"supplementaries:item_shelf":1,"minecraft:smoker":1,"waystones:waystone":1,"minecraft:red_tulip":1,"minecraft:melon_slice":6,"minecraft:bread":14,"minecraft:iron_pickaxe":235,"minecraft:polished_granite":2,"minecraft:rabbit_stew":1,"minecraft:stone_axe":50,"minecraft:cobblestone":51,"minecraft:furnace":1,"minecraft:cooked_beef":5,"irons_spellbooks:inscription_table":1},"minecraft:dropped":{"minecraft:wheat_seeds":2,"minecraft:crafting_table":1,"byg:allium_flower_bush":2,"minecraft:rotten_flesh":2,"byg:tall_allium":8,"minecraft:black_bed":1,"minecraft:granite":24,"minecraft:azure_bluet":1,"byg:pink_allium_flower_bush":6,"minecraft:torch":1,"minecraft:yellow_bed":1,"minecraft:spider_eye":1,"gravestone:obituary":3,"minecraft:arrow":1,"minecraft:birch_log":2,"minecraft:polished_granite":11,"minecraft:bone":1},"minecraft:broken":{"minecraft:stone_pickaxe":1}},"DataVersion":2975}