{"stats":{"minecraft:mined":{"minecraft:polished_granite":2,"byg:pink_allium_flower_bush":1,"minecraft:crafting_table":5,"gravestone:gravestone":1,"minecraft:granite":4,"minecraft:grass_block":7,"minecraft:melon":1,"minecraft:stone_slab":1,"minecraft:hay_block":48,"minecraft:birch_log":6,"minecraft:iron_ore":82,"minecraft:cobbled_deepslate":1,"minecraft:spruce_log":4,"minecraft:andesite":1,"minecraft:black_bed":5,"minecraft:grass":7,"minecraft:oak_log":32,"minecraft:red_tulip":2,"minecraft:coal_ore":75,"minecraft:dirt":18,"byg:tall_pink_allium":2,"minecraft:stone":143,"byg:tall_allium":1,"minecraft:oak_leaves":2,"minecraft:fern":2},"minecraft:custom":{"minecraft:interact_with_furnace":13,"minecraft:mob_kills":28,"minecraft:interact_with_crafting_table":23,"minecraft:leave_game":4,"minecraft:time_since_death":46741,"minecraft:climb_one_cm":8578,"minecraft:time_since_rest":46774,"minecraft:sprint_one_cm":221973,"minecraft:damage_taken":1459,"minecraft:walk_one_cm":146847,"minecraft:damage_blocked_by_shield":80,"minecraft:drop":25,"minecraft:damage_dealt":3119,"minecraft:talked_to_villager":19,"minecraft:swim_one_cm":22610,"minecraft:fly_one_cm":223719,"minecraft:open_chest":17,"minecraft:crouch_one_cm":251,"minecraft:play_time":76195,"minecraft:deaths":2,"minecraft:sneak_time":389,"minecraft:walk_under_water_one_cm":2415,"minecraft:jump":1295,"minecraft:walk_on_water_one_cm":4547,"minecraft:interact_with_smoker":13,"minecraft:total_world_time":76195,"minecraft:fall_one_cm":31281},"minecraft:killed":{"minecraft:spider":1,"minecraft:creeper":1,"minecraft:sheep":5,"minecraft:skeleton":1,"minecraft:zombie":3,"minecraft:chicken":6,"minecraft:cow":11},"minecraft:killed_by":{"minecraft:spider":1,"minecraft:zombie":1},"minecraft:picked_up":{"minecraft:birch_log":9,"minecraft:crafting_table":6,"minecraft:azure_bluet":1,"minecraft:feather":6,"minecraft:chicken":5,"minecraft:andesite":1,"minecraft:leather":9,"minecraft:black_bed":5,"minecraft:stone_slab":1,"minecraft:oak_log":31,"gravestone:obituary":1,"minecraft:string":2,"minecraft:dirt":22,"minecraft:polished_granite":2,"minecraft:item_frame":1,"minecraft:bone":1,"minecraft:wheat_seeds":2,"byg:allium_flower_bush":2,"byg:pink_allium_flower_bush":6,"minecraft:beef":25,"minecraft:light_gray_wool":1,"minecraft:melon_slice":6,"minecraft:book":1,"minecraft:raw_iron":82,"minecraft:torch":1,"minecraft:spruce_log":4,"minecraft:spider_eye":1,"minecraft:iron_horse_armor":1,"minecraft:arrow":1,"minecraft:rotten_flesh":7,"waystones:waystone":1,"byg:tall_allium":8,"minecraft:hay_block":48,"minecraft:granite":2,"minecraft:red_tulip":2,"minecraft:cobblestone":142,"minecraft:mutton":7,"minecraft:coal":75,"minecraft:white_wool":4},"minecraft:crafted":{"minecraft:cooked_beef":4,"minecraft:oak_planks":124,"minecraft:crafting_table":2,"minecraft:cooked_chicken":5,"minecraft:furnace":1,"minecraft:birch_planks":28,"minecraft:cooked_mutton":5,"minecraft:bread":4,"minecraft:air":87,"minecraft:stick":16,"minecraft:iron_ingot":28,"minecraft:iron_pickaxe":1,"minecraft:chest":1,"minecraft:torch":20,"minecraft:smoker":1,"minecraft:wheat":198},"minecraft:used":{"minecraft:stone_sword":65,"minecraft:stone_pickaxe":140,"minecraft:shield":2,"minecraft:chest":1,"minecraft:wooden_pickaxe":8,"minecraft:dirt":7,"minecraft:mutton":2,"minecraft:crafting_table":6,"minecraft:black_bed":2,"minecraft:smoker":1,"minecraft:red_tulip":1,"minecraft:melon_slice":6,"minecraft:bread":8,"minecraft:iron_pickaxe":175,"minecraft:rabbit_stew":1,"minecraft:stone_axe":48,"minecraft:cobblestone":23,"minecraft:furnace":1,"minecraft:cooked_beef":4},"minecraft:dropped":{"minecraft:wheat_seeds":1,"minecraft:crafting_table":1,"minecraft:rotten_flesh":1,"byg:tall_allium":8,"minecraft:black_bed":1,"minecraft:azure_bluet":1,"byg:pink_allium_flower_bush":6,"minecraft:torch":1,"gravestone:obituary":3,"minecraft:birch_log":2},"minecraft:broken":{"minecraft:stone_pickaxe":1}},"DataVersion":2975}