{"stats":{"minecraft:custom":{"minecraft:jump":18,"minecraft:open_chest":1,"minecraft:time_since_rest":4002,"minecraft:leave_game":1,"minecraft:sprint_one_cm":4230,"minecraft:play_time":4002,"minecraft:damage_taken":210,"minecraft:time_since_death":4002,"minecraft:walk_one_cm":10526,"minecraft:sneak_time":36,"minecraft:climb_one_cm":1825,"minecraft:total_world_time":4002,"minecraft:drop":1,"minecraft:fall_one_cm":756,"minecraft:fly_one_cm":2246},"minecraft:picked_up":{"minecraft:azure_bluet":1},"minecraft:used":{"minecraft:rabbit_stew":1},"minecraft:dropped":{"minecraft:azure_bluet":1}},"DataVersion":2975}