{"stats":{"minecraft:crafted":{"farmersdelight:cooked_mutton_chops":2,"minecraft:emerald":21,"minecraft:crafting_table":3,"minecraft:wooden_pickaxe":1,"minecraft:iron_sword":1,"minecraft:furnace":2,"minecraft:stone_axe":1,"minecraft:air":1427,"minecraft:shield":1,"minecraft:iron_axe":2,"minecraft:stick":4,"minecraft:iron_pickaxe":1,"minecraft:iron_ingot":47,"minecraft:stone_pickaxe":1,"minecraft:smoker":1},"minecraft:custom":{"minecraft:interact_with_smithing_table":1,"minecraft:interact_with_furnace":6,"minecraft:mob_kills":14,"minecraft:traded_with_villager":21,"minecraft:interact_with_cartography_table":1,"minecraft:interact_with_crafting_table":20,"minecraft:open_barrel":4,"minecraft:bell_ring":1,"minecraft:leave_game":7,"minecraft:time_since_death":73813,"minecraft:sleep_in_bed":6,"minecraft:climb_one_cm":12867,"minecraft:time_since_rest":34786,"minecraft:waystone_activated":1,"minecraft:sprint_one_cm":265434,"minecraft:damage_taken":1934,"minecraft:walk_one_cm":138528,"minecraft:drop":9,"minecraft:damage_dealt":4647,"minecraft:swim_one_cm":1465,"minecraft:talked_to_villager":25,"minecraft:fly_one_cm":325281,"minecraft:open_chest":60,"minecraft:crouch_one_cm":10974,"minecraft:play_time":84904,"minecraft:deaths":4,"minecraft:sneak_time":6040,"minecraft:walk_under_water_one_cm":150,"minecraft:jump":1849,"minecraft:walk_on_water_one_cm":602,"minecraft:interact_with_smoker":2,"minecraft:total_world_time":84904,"minecraft:fall_one_cm":51076},"minecraft:killed_by":{"irons_spellbooks:cryomancer":3},"minecraft:used":{"minecraft:stone_pickaxe":131,"minecraft:wooden_pickaxe":10,"minecraft:chest":4,"minecraft:iron_sword":45,"minecraft:fletching_table":2,"minecraft:cauldron":1,"minecraft:leather_boots":1,"minecraft:iron_chestplate":1,"minecraft:stick":1,"minecraft:dirt":2,"minecraft:crafting_table":4,"minecraft:spruce_log":71,"minecraft:smoker":1,"minecraft:azure_bluet":1,"minecraft:iron_axe":289,"minecraft:bread":17,"minecraft:iron_pickaxe":54,"minecraft:iron_helmet":1,"minecraft:stone_slab":4,"minecraft:gravel":44,"minecraft:barrel":1,"minecraft:stone_axe":70,"minecraft:cobblestone":1,"minecraft:sweet_berries":16,"minecraft:oak_sapling":1,"minecraft:furnace":2,"minecraft:birch_log":5,"minecraft:pumpkin_pie":1,"farmersdelight:cooked_mutton_chops":2,"minecraft:light_gray_bed":2,"irons_spellbooks:inscription_table":3},"minecraft:killed":{"minecraft:zombie_villager":1,"minecraft:iron_golem":2,"irons_spellbooks:cryomancer":1,"alexsmobs:bald_eagle":1,"minecraft:skeleton":2,"minecraft:zombie":2,"minecraft:villager":3},"minecraft:dropped":{"minecraft:stone_axe":1,"minecraft:stick":2,"minecraft:oak_sapling":1,"gravestone:obituary":4,"minecraft:spruce_log":1,"minecraft:iron_axe":1},"minecraft:picked_up":{"minecraft:birch_log":45,"minecraft:crafting_table":1,"minecraft:azure_bluet":1,"minecraft:nether_wart":14,"minecraft:smithing_table":1,"minecraft:stone_slab":4,"minecraft:flint":6,"minecraft:gilded_blackstone":12,"minecraft:oak_log":38,"minecraft:brewing_stand":1,"minecraft:wither_skeleton_skull":1,"minecraft:dirt":2,"minecraft:paper":10,"minecraft:stone_stairs":2,"minecraft:iron_axe":1,"irons_spellbooks:rare_ink":1,"irons_spellbooks:common_ink":6,"minecraft:red_carpet":5,"minecraft:bone":1,"minecraft:blackstone":7,"minecraft:apple":3,"irons_spellbooks:arcane_essence":3,"minecraft:iron_ingot":10,"minecraft:poppy":2,"minecraft:fletching_table":1,"minecraft:chest":2,"minecraft:birch_sapling":2,"irons_spellbooks:inscription_table":3,"minecraft:furnace":1,"minecraft:book":3,"minecraft:dark_oak_sapling":33,"minecraft:raw_iron":48,"minecraft:stick":51,"irons_spellbooks:legendary_ink":1,"minecraft:gravel":44,"beyond_earth:sky_stone":1,"minecraft:spruce_sapling":56,"minecraft:spruce_log":194,"minecraft:dark_oak_log":37,"minecraft:barrel":1,"minecraft:cauldron":1,"irons_spellbooks:ice_rune":1,"minecraft:arrow":1,"minecraft:light_gray_bed":2,"minecraft:stone_axe":1,"farmersdelight:onion":15,"minecraft:gold_ingot":1,"minecraft:oak_sapling":2,"minecraft:coal":85,"minecraft:cobblestone":27,"irons_spellbooks:scroll":1},"minecraft:mined":{"minecraft:smithing_table":1,"beyond_earth:sky_stone":1,"minecraft:red_carpet":5,"minecraft:blackstone":7,"minecraft:dark_oak_leaves":5,"minecraft:soul_fire":1,"minecraft:dark_oak_log":37,"minecraft:brewing_stand":1,"minecraft:crafting_table":1,"gravestone:gravestone":4,"minecraft:grass_block":2,"minecraft:chest":2,"minecraft:light_gray_bed":2,"minecraft:stone_slab":5,"minecraft:cobblestone":6,"minecraft:spruce_leaves":7,"minecraft:nether_wart":4,"minecraft:gilded_blackstone":17,"minecraft:cauldron":1,"farmersdelight:wild_onions":15,"minecraft:furnace":1,"minecraft:birch_log":45,"minecraft:iron_ore":48,"minecraft:barrel":1,"minecraft:blue_ice":1,"minecraft:spruce_log":195,"minecraft:birch_leaves":2,"minecraft:fletching_table":1,"minecraft:oak_log":40,"minecraft:bookshelf":1,"supplementaries:stick":1,"minecraft:coal_ore":85,"minecraft:gravel":50,"minecraft:wither_skeleton_skull":1,"irons_spellbooks:inscription_table":3,"minecraft:stone":19,"minecraft:oak_leaves":2},"minecraft:broken":{"minecraft:stone_pickaxe":1,"minecraft:iron_axe":1}},"DataVersion":2975}