{"stats":{"minecraft:used":{"minecraft:stone_sword":96,"minecraft:iron_shovel":65,"minecraft:oak_planks":46,"minecraft:stone_pickaxe":87,"byg:aspen_door":3,"minecraft:chest":2,"minecraft:wooden_pickaxe":3,"minecraft:dirt":9,"minecraft:crafting_table":2,"byg:yellow_daffodil":2,"minecraft:oak_log":48,"byg:orange_daisy":1,"byg:rose":1,"minecraft:stone_axe":115,"minecraft:furnace":3,"minecraft:cooked_porkchop":7,"minecraft:cooked_beef":6},"minecraft:custom":{"minecraft:interact_with_furnace":6,"minecraft:mob_kills":33,"minecraft:interact_with_crafting_table":8,"minecraft:leave_game":1,"minecraft:time_since_death":39241,"minecraft:climb_one_cm":232,"minecraft:time_since_rest":39241,"minecraft:sprint_one_cm":124444,"minecraft:damage_taken":945,"minecraft:walk_one_cm":94881,"minecraft:drop":6,"minecraft:damage_dealt":4535,"minecraft:swim_one_cm":11191,"minecraft:fly_one_cm":204016,"minecraft:open_chest":4,"minecraft:crouch_one_cm":15605,"minecraft:play_time":39241,"minecraft:sneak_time":4933,"minecraft:walk_under_water_one_cm":5728,"minecraft:jump":947,"minecraft:walk_on_water_one_cm":7933,"minecraft:total_world_time":39241,"minecraft:fall_one_cm":31492},"minecraft:killed":{"minecraft:pig":9,"alexsmobs:raccoon":1,"minecraft:spider":1,"minecraft:creeper":1,"minecraft:sheep":3,"minecraft:skeleton":2,"minecraft:zombie":8,"iceandfire:ghost":2,"minecraft:drowned":1,"minecraft:cow":4},"minecraft:dropped":{"minecraft:black_dye":1,"minecraft:cooked_porkchop":1,"iceandfire:ectoplasm":2,"byg:yellow_daffodil":1,"minecraft:gilded_blackstone":1,"minecraft:basalt":2},"minecraft:crafted":{"minecraft:cooked_beef":2,"minecraft:black_dye":1,"minecraft:oak_planks":4,"minecraft:cooked_porkchop":2,"minecraft:crafting_table":1,"minecraft:wooden_pickaxe":1,"minecraft:furnace":1,"minecraft:stone_axe":1,"minecraft:air":214,"minecraft:stone_sword":1,"minecraft:chest":2,"minecraft:iron_shovel":1,"minecraft:white_bed":1,"minecraft:torch":4,"byg:aspen_door":3},"minecraft:mined":{"byg:aspen_door":3,"byg:yellow_daffodil":2,"farmersdelight:wild_carrots":6,"minecraft:basalt":2,"upgrade_aquatic:embedded_ammonite":1,"minecraft:grass_block":74,"byg:aspen_log":7,"iceandfire:ghost_chest":1,"minecraft:oak_planks":1,"minecraft:sugar_cane":7,"minecraft:gilded_blackstone":1,"minecraft:magma_block":9,"minecraft:furnace":2,"minecraft:iron_ore":1,"byg:leaf_pile":2,"minecraft:wither_rose":1,"minecraft:grass":69,"minecraft:oak_log":96,"minecraft:coal_ore":35,"byg:rose":1,"minecraft:dirt":21,"byg:orange_daisy":2,"minecraft:stone":39,"minecraft:oak_leaves":12},"minecraft:picked_up":{"minecraft:magma_block":9,"minecraft:cooked_beef":7,"minecraft:basalt":2,"minecraft:leather":5,"minecraft:wither_rose":1,"minecraft:gilded_blackstone":1,"minecraft:oak_log":93,"iceandfire:ectoplasm":2,"byg:aspen_door":3,"minecraft:gunpowder":2,"iceandfire:manuscript":1,"minecraft:dirt":95,"minecraft:bone":15,"minecraft:wheat_seeds":8,"minecraft:beef":9,"minecraft:iron_ingot":1,"upgrade_aquatic:embedded_ammonite":1,"minecraft:sugar_cane":15,"minecraft:oak_planks":1,"byg:rose":1,"minecraft:furnace":2,"byg:yellow_daffodil":3,"minecraft:stick":4,"minecraft:raw_iron":1,"minecraft:cooked_porkchop":6,"byg:orange_daisy":2,"minecraft:porkchop":17,"minecraft:carrot":6,"minecraft:black_dye":1,"byg:aspen_sapling":4,"iceandfire:silver_ingot":6,"minecraft:arrow":3,"minecraft:rotten_flesh":10,"byg:aspen_log":7,"minecraft:coal":34,"minecraft:skeleton_skull":1,"minecraft:white_wool":3,"minecraft:cobblestone":39}},"DataVersion":2975}