{"stats":{"minecraft:used":{"minecraft:iron_bars":2,"minecraft:stone_sword":132,"minecraft:iron_shovel":80,"minecraft:ender_pearl":1,"minecraft:stripped_birch_log":6,"minecraft:oak_planks":169,"minecraft:stone_pickaxe":92,"byg:aspen_door":3,"minecraft:chest":2,"minecraft:wooden_pickaxe":3,"minecraft:torch":6,"minecraft:dirt":19,"decorative_blocks:birch_beam":2,"minecraft:crafting_table":2,"minecraft:stone_brick_wall":1,"minecraft:white_bed":1,"byg:yellow_daffodil":2,"minecraft:oak_log":48,"minecraft:rabbit_stew":4,"byg:orange_daisy":1,"byg:rose":1,"minecraft:stone_axe":260,"minecraft:furnace":3,"minecraft:cooked_porkchop":7,"minecraft:birch_log":4,"minecraft:cooked_beef":9,"minecraft:diamond_leggings":1},"minecraft:custom":{"minecraft:interact_with_furnace":8,"minecraft:mob_kills":40,"minecraft:interact_with_crafting_table":9,"minecraft:open_barrel":2,"minecraft:damage_dealt_resisted":42,"minecraft:leave_game":1,"minecraft:time_since_death":4316,"minecraft:climb_one_cm":4613,"minecraft:time_since_rest":4343,"minecraft:sprint_one_cm":212968,"minecraft:damage_taken":1714,"minecraft:walk_one_cm":151665,"minecraft:drop":12,"minecraft:damage_dealt":6699,"minecraft:deaths":1,"minecraft:swim_one_cm":18330,"minecraft:fly_one_cm":326734,"minecraft:open_chest":19,"minecraft:crouch_one_cm":15931,"minecraft:play_time":63241,"minecraft:sneak_time":5123,"minecraft:walk_under_water_one_cm":6567,"minecraft:jump":1463,"minecraft:walk_on_water_one_cm":10767,"minecraft:total_world_time":63241,"minecraft:fall_one_cm":48576},"minecraft:broken":{"minecraft:stone_sword":1,"minecraft:stone_axe":2},"minecraft:killed_by":{"iceandfire:hippogryph":1},"minecraft:killed":{"iceandfire:hippogryph":1,"minecraft:pig":9,"alexsmobs:raccoon":1,"minecraft:spider":1,"irons_spellbooks:cryomancer":1,"minecraft:creeper":1,"minecraft:sheep":3,"minecraft:skeleton":4,"minecraft:zombie":11,"iceandfire:ghost":2,"minecraft:drowned":1,"minecraft:cow":4},"minecraft:dropped":{"minecraft:black_dye":1,"minecraft:cooked_porkchop":1,"minecraft:rotten_flesh":1,"minecraft:oak_planks":1,"iceandfire:ectoplasm":2,"byg:aspen_planks":16,"byg:yellow_daffodil":1,"byg:aspen_sapling":4,"gravestone:obituary":1,"minecraft:gilded_blackstone":1,"minecraft:basalt":2,"minecraft:wooden_pickaxe":1},"minecraft:crafted":{"minecraft:cooked_beef":2,"minecraft:black_dye":1,"minecraft:oak_planks":4,"minecraft:cooked_porkchop":2,"minecraft:crafting_table":1,"minecraft:wooden_pickaxe":1,"minecraft:furnace":1,"minecraft:stone_axe":2,"minecraft:air":280,"decorative_blocks:birch_beam":2,"minecraft:stone_sword":1,"minecraft:chest":2,"minecraft:iron_shovel":1,"minecraft:white_bed":1,"minecraft:torch":4,"byg:aspen_door":3},"minecraft:mined":{"byg:aspen_door":3,"minecraft:hanging_roots":2,"minecraft:amethyst_cluster":1,"byg:yellow_daffodil":2,"minecraft:stripped_birch_log":59,"farmersdelight:wild_carrots":6,"minecraft:basalt":2,"gravestone:gravestone":1,"upgrade_aquatic:embedded_ammonite":1,"minecraft:stone_brick_wall":1,"minecraft:grass_block":82,"byg:aspen_log":7,"iceandfire:ghost_chest":1,"byg:stripped_aspen_log":2,"minecraft:oak_planks":14,"minecraft:sugar_cane":7,"minecraft:nether_wart":4,"minecraft:wall_torch":2,"minecraft:gilded_blackstone":1,"decorative_blocks:birch_beam":2,"minecraft:magma_block":9,"minecraft:furnace":2,"minecraft:birch_log":3,"minecraft:iron_ore":1,"minecraft:birch_leaves":2,"byg:leaf_pile":2,"minecraft:bookshelf":9,"minecraft:wither_rose":1,"minecraft:grass":69,"minecraft:oak_log":96,"minecraft:coal_ore":35,"minecraft:iron_bars":2,"byg:rose":1,"minecraft:dirt":22,"byg:orange_daisy":2,"minecraft:stone_bricks":1,"irons_spellbooks:inscription_table":1,"minecraft:stone":39,"minecraft:oak_leaves":12,"minecraft:dark_oak_planks":1},"minecraft:picked_up":{"irons_spellbooks:scroll":1,"minecraft:birch_log":4,"minecraft:magma_block":9,"minecraft:cooked_beef":7,"minecraft:basalt":2,"minecraft:nether_wart":13,"minecraft:leather":5,"minecraft:wooden_pickaxe":1,"minecraft:stone_brick_wall":1,"minecraft:wither_rose":1,"minecraft:gilded_blackstone":1,"minecraft:oak_log":93,"iceandfire:ectoplasm":2,"byg:aspen_door":3,"minecraft:gunpowder":2,"iceandfire:manuscript":1,"minecraft:stripped_birch_log":59,"minecraft:dirt":119,"minecraft:bone":15,"irons_spellbooks:arcane_essence":3,"minecraft:wheat_seeds":8,"minecraft:beef":9,"minecraft:iron_ingot":1,"irons_spellbooks:epic_ink":1,"decorative_blocks:birch_beam":2,"upgrade_aquatic:embedded_ammonite":1,"minecraft:sugar_cane":15,"irons_spellbooks:inscription_table":1,"minecraft:birch_sapling":7,"minecraft:oak_planks":14,"minecraft:book":27,"byg:rose":1,"minecraft:furnace":2,"byg:yellow_daffodil":3,"minecraft:stick":6,"minecraft:raw_iron":1,"minecraft:cooked_porkchop":6,"minecraft:torch":2,"byg:orange_daisy":2,"minecraft:porkchop":17,"minecraft:carrot":6,"irons_spellbooks:ice_rune":1,"minecraft:black_dye":1,"byg:aspen_sapling":8,"iceandfire:silver_ingot":6,"minecraft:arrow":4,"minecraft:rotten_flesh":11,"byg:aspen_log":7,"byg:aspen_planks":16,"byg:stripped_aspen_log":2,"minecraft:iron_bars":2,"minecraft:coal":34,"minecraft:skeleton_skull":1,"minecraft:white_wool":3,"minecraft:cobblestone":39}},"DataVersion":2975}