{"stats":{"minecraft:crafted":{"minecraft:crafting_table":3,"minecraft:wooden_pickaxe":1,"minecraft:furnace":1,"minecraft:stone_axe":1,"minecraft:air":182,"minecraft:stick":4,"minecraft:stone_pickaxe":1},"minecraft:custom":{"minecraft:interact_with_smithing_table":1,"minecraft:interact_with_furnace":2,"minecraft:mob_kills":4,"minecraft:interact_with_crafting_table":9,"minecraft:open_barrel":4,"minecraft:leave_game":7,"minecraft:time_since_death":25813,"minecraft:sleep_in_bed":4,"minecraft:climb_one_cm":8214,"minecraft:time_since_rest":2449,"minecraft:waystone_activated":1,"minecraft:sprint_one_cm":112490,"minecraft:damage_taken":1511,"minecraft:walk_one_cm":64735,"minecraft:drop":6,"minecraft:damage_dealt":1406,"minecraft:talked_to_villager":3,"minecraft:fly_one_cm":109962,"minecraft:open_chest":25,"minecraft:crouch_one_cm":7255,"minecraft:play_time":36904,"minecraft:deaths":4,"minecraft:sneak_time":3562,"minecraft:jump":717,"minecraft:interact_with_smoker":1,"minecraft:total_world_time":36904,"minecraft:fall_one_cm":19447},"minecraft:killed_by":{"irons_spellbooks:cryomancer":3},"minecraft:used":{"minecraft:stone_pickaxe":131,"minecraft:wooden_pickaxe":10,"minecraft:chest":2,"minecraft:leather_boots":1,"minecraft:stick":1,"minecraft:dirt":1,"minecraft:crafting_table":3,"minecraft:azure_bluet":1,"minecraft:bread":5,"minecraft:iron_helmet":1,"minecraft:stone_slab":2,"minecraft:barrel":1,"minecraft:stone_axe":69,"minecraft:sweet_berries":16,"minecraft:furnace":2,"minecraft:birch_log":5,"minecraft:light_gray_bed":2},"minecraft:killed":{"irons_spellbooks:cryomancer":1,"alexsmobs:bald_eagle":1,"minecraft:skeleton":2},"minecraft:dropped":{"minecraft:stone_axe":1,"minecraft:stick":2,"gravestone:obituary":4},"minecraft:picked_up":{"minecraft:birch_log":45,"minecraft:crafting_table":1,"minecraft:azure_bluet":1,"minecraft:nether_wart":14,"minecraft:smithing_table":1,"minecraft:stone_slab":2,"minecraft:brewing_stand":1,"minecraft:dirt":1,"minecraft:paper":10,"minecraft:stone_stairs":2,"irons_spellbooks:rare_ink":1,"irons_spellbooks:common_ink":6,"minecraft:red_carpet":5,"minecraft:bone":1,"irons_spellbooks:arcane_essence":3,"minecraft:chest":2,"minecraft:birch_sapling":2,"irons_spellbooks:inscription_table":1,"minecraft:furnace":1,"minecraft:book":3,"minecraft:raw_iron":47,"minecraft:stick":7,"irons_spellbooks:legendary_ink":1,"minecraft:spruce_log":1,"minecraft:barrel":1,"minecraft:cauldron":1,"irons_spellbooks:ice_rune":1,"minecraft:arrow":1,"minecraft:light_gray_bed":2,"minecraft:stone_axe":1,"minecraft:gold_ingot":1,"minecraft:coal":61,"minecraft:cobblestone":27,"irons_spellbooks:scroll":1},"minecraft:mined":{"minecraft:smithing_table":1,"minecraft:red_carpet":5,"minecraft:dark_oak_leaves":1,"minecraft:brewing_stand":1,"minecraft:crafting_table":1,"gravestone:gravestone":4,"minecraft:grass_block":1,"minecraft:chest":2,"minecraft:light_gray_bed":2,"minecraft:stone_slab":3,"minecraft:cobblestone":6,"minecraft:nether_wart":4,"minecraft:cauldron":1,"minecraft:furnace":1,"minecraft:birch_log":45,"minecraft:iron_ore":47,"minecraft:barrel":1,"minecraft:blue_ice":1,"minecraft:spruce_log":1,"minecraft:birch_leaves":2,"minecraft:bookshelf":1,"supplementaries:stick":1,"minecraft:coal_ore":61,"irons_spellbooks:inscription_table":1,"minecraft:stone":19},"minecraft:broken":{"minecraft:stone_pickaxe":1}},"DataVersion":2975}