{"stats":{"minecraft:used":{"minecraft:stone_sword":70,"minecraft:stone_pickaxe":87,"minecraft:wooden_pickaxe":3,"minecraft:crafting_table":1,"byg:yellow_daffodil":1,"minecraft:oak_log":4,"byg:orange_daisy":1,"byg:rose":1,"minecraft:stone_axe":52,"minecraft:furnace":2,"minecraft:cooked_porkchop":7,"minecraft:cooked_beef":3},"minecraft:custom":{"minecraft:interact_with_furnace":6,"minecraft:mob_kills":23,"minecraft:interact_with_crafting_table":3,"minecraft:leave_game":1,"minecraft:time_since_death":27721,"minecraft:climb_one_cm":232,"minecraft:time_since_rest":27721,"minecraft:sprint_one_cm":92409,"minecraft:damage_taken":820,"minecraft:walk_one_cm":61669,"minecraft:drop":3,"minecraft:damage_dealt":3395,"minecraft:swim_one_cm":11191,"minecraft:fly_one_cm":150037,"minecraft:open_chest":1,"minecraft:crouch_one_cm":8128,"minecraft:play_time":27721,"minecraft:sneak_time":2945,"minecraft:walk_under_water_one_cm":5728,"minecraft:jump":682,"minecraft:walk_on_water_one_cm":7882,"minecraft:total_world_time":27721,"minecraft:fall_one_cm":22168},"minecraft:dropped":{"minecraft:cooked_porkchop":1,"iceandfire:ectoplasm":2,"minecraft:gilded_blackstone":1},"minecraft:killed":{"minecraft:pig":4,"alexsmobs:raccoon":1,"minecraft:spider":1,"minecraft:creeper":1,"minecraft:skeleton":2,"minecraft:zombie":6,"iceandfire:ghost":2,"minecraft:drowned":1,"minecraft:cow":4},"minecraft:crafted":{"minecraft:cooked_beef":2,"minecraft:black_dye":1,"minecraft:cooked_porkchop":2,"minecraft:wooden_pickaxe":1,"minecraft:furnace":1,"minecraft:stone_axe":1,"minecraft:air":38,"minecraft:stone_sword":1,"minecraft:torch":4},"minecraft:mined":{"byg:yellow_daffodil":2,"farmersdelight:wild_carrots":6,"minecraft:basalt":2,"upgrade_aquatic:embedded_ammonite":1,"minecraft:grass_block":8,"byg:aspen_log":7,"iceandfire:ghost_chest":1,"minecraft:sugar_cane":7,"minecraft:gilded_blackstone":1,"minecraft:magma_block":9,"minecraft:furnace":2,"minecraft:iron_ore":1,"byg:leaf_pile":1,"minecraft:wither_rose":1,"minecraft:grass":68,"minecraft:coal_ore":35,"minecraft:oak_log":44,"byg:rose":1,"minecraft:dirt":14,"byg:orange_daisy":1,"minecraft:stone":39,"minecraft:oak_leaves":5},"minecraft:picked_up":{"minecraft:magma_block":9,"minecraft:cooked_beef":7,"minecraft:basalt":2,"minecraft:leather":5,"minecraft:wither_rose":1,"minecraft:gilded_blackstone":1,"minecraft:oak_log":42,"iceandfire:ectoplasm":2,"minecraft:gunpowder":2,"iceandfire:manuscript":1,"minecraft:dirt":22,"minecraft:bone":15,"minecraft:wheat_seeds":7,"minecraft:beef":9,"minecraft:iron_ingot":1,"upgrade_aquatic:embedded_ammonite":1,"minecraft:sugar_cane":15,"byg:rose":1,"minecraft:furnace":2,"byg:yellow_daffodil":2,"minecraft:raw_iron":1,"minecraft:stick":4,"minecraft:cooked_porkchop":6,"minecraft:porkchop":8,"byg:orange_daisy":1,"minecraft:carrot":6,"byg:aspen_sapling":4,"iceandfire:silver_ingot":6,"minecraft:arrow":3,"minecraft:rotten_flesh":8,"byg:aspen_log":7,"minecraft:coal":34,"minecraft:skeleton_skull":1,"minecraft:cobblestone":39}},"DataVersion":2975}