{"stats":{"minecraft:used":{"minecraft:stone_sword":132,"minecraft:iron_bars":2,"minecraft:iron_shovel":245,"minecraft:stone_shovel":265,"minecraft:chest":2,"minecraft:iron_chestplate":1,"minecraft:torch":6,"minecraft:dirt":159,"decorative_blocks:birch_beam":72,"byg:rose":1,"minecraft:rabbit_stew":4,"minecraft:furnace":3,"minecraft:cooked_beef":9,"minecraft:birch_planks":2,"minecraft:stripped_birch_log":6,"minecraft:stone_pickaxe":131,"byg:aspen_door":4,"minecraft:oak_planks":174,"minecraft:ender_pearl":1,"minecraft:wooden_pickaxe":3,"minecraft:crafting_table":2,"minecraft:white_bed":1,"byg:yellow_daffodil":2,"minecraft:stone_brick_wall":1,"minecraft:oak_log":48,"minecraft:iron_pickaxe":138,"byg:orange_daisy":1,"minecraft:stone_axe":339,"minecraft:cobblestone":170,"minecraft:cooked_porkchop":10,"minecraft:birch_log":4,"minecraft:diamond_leggings":1,"irons_spellbooks:inscription_table":1},"minecraft:custom":{"minecraft:mob_kills":49,"minecraft:interact_with_crafting_table":17,"minecraft:open_barrel":2,"minecraft:damage_dealt_resisted":42,"minecraft:leave_game":3,"minecraft:time_since_death":57560,"minecraft:climb_one_cm":4613,"minecraft:sprint_one_cm":289930,"minecraft:walk_one_cm":330702,"minecraft:drop":12,"minecraft:play_time":116485,"minecraft:deaths":1,"minecraft:sneak_time":7446,"minecraft:walk_under_water_one_cm":6567,"minecraft:jump":1912,"minecraft:walk_on_water_one_cm":10767,"minecraft:total_world_time":116485,"minecraft:interact_with_furnace":14,"minecraft:sleep_in_bed":2,"minecraft:time_since_rest":2272,"minecraft:damage_taken":1939,"minecraft:damage_dealt":8639,"minecraft:swim_one_cm":18330,"minecraft:fly_one_cm":413768,"minecraft:open_chest":38,"minecraft:crouch_one_cm":26202,"minecraft:fall_one_cm":56466},"minecraft:broken":{"minecraft:iron_shovel":1,"minecraft:stone_sword":1,"minecraft:stone_pickaxe":1,"minecraft:stone_axe":2,"minecraft:stone_shovel":2},"minecraft:killed_by":{"iceandfire:hippogryph":1},"minecraft:killed":{"iceandfire:hippogryph":1,"alexsmobs:raccoon":1,"minecraft:spider":1,"irons_spellbooks:cryomancer":1,"minecraft:skeleton":4,"minecraft:drowned":1,"minecraft:pig":9,"minecraft:zombie_villager":1,"minecraft:creeper":1,"minecraft:sheep":3,"minecraft:zombie":19,"iceandfire:ghost":2,"minecraft:cow":4},"minecraft:dropped":{"minecraft:black_dye":1,"minecraft:cooked_porkchop":1,"iceandfire:ectoplasm":2,"byg:aspen_planks":16,"gravestone:obituary":1,"minecraft:gilded_blackstone":1,"minecraft:rotten_flesh":1,"minecraft:oak_planks":1,"byg:yellow_daffodil":1,"byg:aspen_sapling":4,"minecraft:basalt":2,"minecraft:wooden_pickaxe":1},"minecraft:crafted":{"minecraft:black_dye":1,"minecraft:oak_planks":4,"minecraft:furnace":1,"decorative_blocks:birch_beam":2,"minecraft:chest":2,"byg:aspen_door":3,"minecraft:cooked_beef":2,"minecraft:cooked_porkchop":11,"minecraft:crafting_table":1,"minecraft:wooden_pickaxe":1,"minecraft:stone_axe":3,"minecraft:air":327,"minecraft:shield":1,"minecraft:stick":2,"minecraft:iron_ingot":1,"minecraft:iron_pickaxe":2,"minecraft:stone_sword":1,"minecraft:iron_shovel":1,"minecraft:white_bed":1,"minecraft:torch":4},"minecraft:mined":{"minecraft:dark_oak_planks":1,"byg:yellow_daffodil":13,"farmersdelight:wild_carrots":6,"minecraft:stripped_birch_log":59,"gravestone:gravestone":1,"upgrade_aquatic:embedded_ammonite":1,"minecraft:grass_block":427,"minecraft:stone_brick_wall":1,"byg:aspen_log":7,"byg:stripped_aspen_log":2,"minecraft:nether_wart":4,"minecraft:gilded_blackstone":1,"decorative_blocks:birch_beam":28,"minecraft:magma_block":9,"minecraft:furnace":2,"minecraft:iron_ore":1,"minecraft:andesite":4,"minecraft:bookshelf":9,"minecraft:iron_bars":2,"irons_spellbooks:inscription_table":1,"minecraft:stone":187,"byg:aspen_door":3,"minecraft:hanging_roots":2,"minecraft:amethyst_cluster":1,"minecraft:basalt":2,"iceandfire:ghost_chest":1,"minecraft:cobblestone":24,"minecraft:sugar_cane":7,"minecraft:oak_planks":19,"minecraft:wall_torch":2,"minecraft:birch_planks":2,"minecraft:birch_log":3,"byg:leaf_pile":5,"minecraft:birch_leaves":2,"minecraft:wither_rose":1,"minecraft:grass":74,"minecraft:oak_log":124,"minecraft:coal_ore":35,"byg:rose":2,"minecraft:gravel":11,"minecraft:dirt":116,"byg:orange_daisy":3,"minecraft:stone_bricks":1,"minecraft:oak_leaves":12},"minecraft:picked_up":{"irons_spellbooks:scroll":1,"minecraft:nether_wart":13,"minecraft:wooden_pickaxe":1,"minecraft:stone_brick_wall":1,"minecraft:wither_rose":1,"minecraft:gilded_blackstone":1,"byg:aspen_door":3,"iceandfire:manuscript":1,"irons_spellbooks:arcane_essence":3,"minecraft:beef":9,"irons_spellbooks:epic_ink":1,"decorative_blocks:birch_beam":28,"upgrade_aquatic:embedded_ammonite":1,"minecraft:sugar_cane":15,"minecraft:birch_sapling":7,"irons_spellbooks:inscription_table":1,"minecraft:furnace":2,"byg:yellow_daffodil":21,"minecraft:stick":6,"minecraft:raw_iron":1,"minecraft:torch":2,"minecraft:porkchop":17,"minecraft:carrot":6,"byg:aspen_sapling":8,"minecraft:black_dye":1,"iceandfire:silver_ingot":6,"minecraft:arrow":4,"minecraft:rotten_flesh":20,"byg:aspen_planks":16,"minecraft:iron_bars":2,"minecraft:skeleton_skull":1,"minecraft:white_wool":3,"minecraft:cobblestone":212,"minecraft:birch_log":4,"minecraft:magma_block":9,"minecraft:basalt":2,"minecraft:cooked_beef":7,"minecraft:andesite":4,"minecraft:leather":5,"minecraft:birch_planks":2,"minecraft:flint":1,"minecraft:oak_log":121,"iceandfire:ectoplasm":2,"minecraft:gunpowder":2,"minecraft:dirt":591,"minecraft:stripped_birch_log":59,"minecraft:bone":15,"minecraft:wheat_seeds":8,"minecraft:iron_ingot":1,"minecraft:oak_planks":19,"byg:rose":11,"minecraft:book":27,"minecraft:cooked_porkchop":6,"minecraft:gravel":10,"byg:orange_daisy":9,"irons_spellbooks:ice_rune":1,"byg:aspen_log":7,"byg:stripped_aspen_log":2,"minecraft:coal":34}},"DataVersion":2975}