{"stats":{"minecraft:mined":{"minecraft:spruce_planks":26,"minecraft:white_bed":1,"minecraft:oak_sapling":1,"alexsmobs:leafcutter_anthill":1,"minecraft:red_nether_bricks":1,"minecraft:brewing_stand":2,"minecraft:obsidian":16,"minecraft:grass_block":12,"minecraft:light_gray_bed":5,"minecraft:coal_block":3,"minecraft:nether_wart":4,"minecraft:gilded_blackstone":17,"minecraft:spawner":30,"minecraft:magma_block":1,"minecraft:glowstone":1,"minecraft:iron_ore":68,"minecraft:fire":27,"minecraft:barrel":2,"minecraft:pumpkin":68,"byg:quartzite_sand":1,"minecraft:fletching_table":4,"byg:boric_fire":2,"minecraft:azure_bluet":1,"supplementaries:stick":1,"minecraft:iron_bars":22,"byg:cypress_leaves":1,"byg:blue_nether_gold_ore":2,"minecraft:blackstone":7,"minecraft:smoker":4,"minecraft:soul_fire":11,"minecraft:clay":1,"iceandfire:dragon_ice_spikes":5,"minecraft:torch":3,"byg:brimstone":1,"byg:embur_wart":1,"minecraft:poppy":1,"iceandfire:ghost_chest":1,"minecraft:chest":2,"minecraft:cobblestone":7,"minecraft:oak_planks":11,"minecraft:bricks":1,"minecraft:wall_torch":1,"byg:lush_grass_block":1,"minecraft:cauldron":2,"byg:embur_nylium":6,"byg:soapstone":3,"byg:brimstone_nether_quartz_ore":8,"minecraft:nether_wart_block":1,"minecraft:birch_log":45,"minecraft:blue_ice":1,"minecraft:jukebox":1,"minecraft:grass":54,"minecraft:oak_log":61,"minecraft:loom":1,"minecraft:sand":1,"minecraft:dirt":8,"minecraft:smooth_basalt":4,"minecraft:wither_skeleton_skull":1,"minecraft:netherrack":4,"minecraft:oak_leaves":4,"minecraft:deepslate":4,"minecraft:red_carpet":5,"piglin_expansion:basaltic_blackstone":2,"minecraft:dark_oak_leaves":6,"byg:beach_grass":1,"farmersdelight:wild_carrots":12,"minecraft:dark_oak_log":55,"gravestone:gravestone":14,"minecraft:nether_bricks":8,"iceandfire:frozen_stone":1,"minecraft:crimson_roots":1,"alexsmobs:leafcutter_ant_chamber":5,"minecraft:spruce_leaves":8,"minecraft:moss_block":2,"minecraft:cartography_table":9,"minecraft:crimson_stem":7,"minecraft:large_fern":4,"farmersdelight:wild_onions":15,"byg:blue_netherrack":27,"minecraft:furnace":1,"evilcraft:dark_ore":1,"minecraft:gold_block":18,"minecraft:bookshelf":9,"minecraft:shroomlight":2,"minecraft:vine":1,"minecraft:warped_stem":29,"minecraft:bamboo":13,"irons_spellbooks:inscription_table":4,"minecraft:stone":52,"minecraft:smithing_table":2,"minecraft:podzol":1,"supplementaries:book_pile_horizontal":1,"beyond_earth:sky_stone":1,"byg:jacaranda_bush":1,"minecraft:basalt":2,"minecraft:dandelion":1,"iceandfire:frozen_gravel":1,"minecraft:crafting_table":2,"minecraft:lectern":77,"minecraft:stone_slab":5,"minecraft:tall_grass":30,"byg:pendorite_ore":2,"minecraft:lime_bed":3,"minecraft:coarse_dirt":3,"minecraft:ice":1,"minecraft:spruce_log":288,"minecraft:birch_leaves":2,"minecraft:coal_ore":109,"byg:embur_gel_block":3,"minecraft:gravel":50,"minecraft:cobweb":1,"minecraft:mossy_stone_bricks":1,"minecraft:fern":9},"minecraft:dropped":{"byg:biomepedia":3,"irons_spellbooks:rare_ink":3,"minecraft:lapis_lazuli":9,"minecraft:glow_ink_sac":2,"minecraft:baked_potato":1,"farmersdelight:pumpkin_slice":1,"minecraft:cooked_porkchop":1,"upgrade_aquatic:beachgrass":4,"farmersdelight:rice":18,"irons_spellbooks:arcane_essence":39,"gravestone:obituary":14,"farmersdelight:onion":56,"minecraft:stone_axe":4,"minecraft:compass":3,"alexsmobs:animal_dictionary":3,"minecraft:obsidian":18,"minecraft:rotten_flesh":4,"minecraft:white_bed":1,"minecraft:salmon":6,"minecraft:chainmail_chestplate":1,"minecraft:rabbit_hide":1,"minecraft:tipped_arrow":1,"minecraft:chest":6,"minecraft:birch_button":1,"minecraft:netherrack":1,"minecraft:egg":1,"minecraft:enchanted_book":3,"minecraft:bread":4,"minecraft:wheat_seeds":6,"evilcraft:condensed_blood":120,"minecraft:stick":2,"irons_spellbooks:scroll":18,"minecraft:cobweb":2,"minecraft:brewing_stand":3,"minecraft:ink_sac":1,"iceandfire:copper_nugget":2,"minecraft:iron_leggings":4,"minecraft:iron_axe":2,"irons_spellbooks:frozen_bone":3,"minecraft:spruce_sapling":1,"minecraft:nether_wart":42,"minecraft:iron_boots":1,"minecraft:filled_map":3,"minecraft:potato":63,"farmersdelight:flint_knife":2,"minecraft:oak_sapling":1,"minecraft:barrel":1,"minecraft:spider_eye":1,"minecraft:spruce_log":1,"minecraft:wooden_pickaxe":3},"minecraft:killed":{"minecraft:cave_spider":11,"minecraft:zombified_piglin":3,"minecraft:spider":9,"irons_spellbooks:cryomancer":1,"alexsmobs:bald_eagle":1,"minecraft:skeleton":23,"alexsmobs:leafcutter_ant":4,"minecraft:silverfish":4,"minecraft:piglin":1,"minecraft:zombie_villager":2,"minecraft:iron_golem":4,"minecraft:sheep":4,"minecraft:zombie":51,"minecraft:stray":1,"alexsmobs:fly":1,"minecraft:cow":11,"minecraft:blaze":1,"iceandfire:fire_dragon":2,"minecraft:drowned":13,"iceandfire:ghost":1,"iceandfire:ice_dragon":1,"minecraft:wither_skeleton":7,"minecraft:villager":5},"minecraft:picked_up":{"irons_spellbooks:scroll":26,"minecraft:wheat":6,"byg:lush_dirt":1,"minecraft:smithing_table":2,"minecraft:stone_slab":4,"minecraft:enchanted_book":4,"minecraft:birch_button":1,"minecraft:gilded_blackstone":12,"minecraft:brewing_stand":6,"irons_spellbooks:cast_time_ring":1,"farmersdelight:cutting_board":1,"minecraft:string":24,"minecraft:iron_leggings":6,"minecraft:shroomlight":2,"irons_spellbooks:arcane_essence":55,"minecraft:diamond_leggings":1,"minecraft:gold_nugget":98,"minecraft:cobbled_deepslate":3,"minecraft:spruce_planks":26,"minecraft:white_tulip":1,"byg:embur_wart":1,"iceandfire:frozen_gravel":1,"minecraft:coal_block":3,"irons_spellbooks:inscription_table":4,"minecraft:furnace":2,"alexsmobs:leafcutter_ant_chamber":4,"minecraft:tipped_arrow":1,"minecraft:stick":73,"iceandfire:ghost_chest":1,"minecraft:jukebox":1,"minecraft:torch":6,"beyond_earth:sky_stone":1,"minecraft:cauldron":2,"minecraft:light_gray_bed":5,"minecraft:rotten_flesh":31,"farmersdelight:onion":86,"byg:embur_gel_ball":6,"evilcraft:condensed_blood":160,"minecraft:obsidian":40,"minecraft:iron_bars":13,"byg:quartzite_sand":1,"minecraft:cobblestone":68,"minecraft:birch_log":45,"farmersdelight:rice":24,"minecraft:dark_oak_boat":1,"minecraft:smoker":5,"minecraft:potato":84,"minecraft:flint":6,"evilcraft:flesh_humanoid":3,"minecraft:wither_skeleton_skull":2,"minecraft:lapis_lazuli":12,"minecraft:map":1,"minecraft:dirt":32,"minecraft:bone":14,"minecraft:wheat_seeds":15,"farmersdelight:pumpkin_slice":40,"minecraft:mossy_stone_bricks":1,"minecraft:glowstone_dust":2,"byg:cypress_sapling":1,"minecraft:fletching_table":4,"minecraft:bamboo":13,"minecraft:oak_planks":8,"irons_spellbooks:frozen_bone":3,"minecraft:cooked_porkchop":2,"irons_spellbooks:legendary_ink":2,"minecraft:ink_sac":1,"minecraft:loom":1,"alexsmobs:animal_dictionary":4,"minecraft:dark_oak_log":56,"minecraft:barrel":2,"iceandfire:chared_cobblestone":2,"irons_spellbooks:ice_rune":1,"minecraft:diamond":1,"minecraft:spruce_boat":6,"irons_spellbooks:divine_pearl":3,"bossominium:the_bossdexium":1,"minecraft:emerald":59,"minecraft:oak_sapling":17,"minecraft:netherrack":1,"minecraft:bricks":1,"minecraft:crimson_roots":1,"minecraft:coarse_dirt":3,"minecraft:crafting_table":2,"upgrade_aquatic:beachgrass":4,"minecraft:azure_bluet":2,"minecraft:nether_wart":70,"minecraft:brown_mushroom":1,"minecraft:wooden_pickaxe":4,"minecraft:gold_block":18,"gravestone:obituary":1,"minecraft:stone_stairs":2,"minecraft:iron_axe":2,"minecraft:compass":4,"minecraft:blackstone":7,"minecraft:cartography_table":9,"minecraft:beef":23,"minecraft:light_gray_wool":1,"minecraft:poppy":5,"minecraft:lectern":77,"minecraft:chest":10,"minecraft:birch_sapling":4,"iceandfire:ice_dragon_heart":1,"minecraft:egg":3,"minecraft:dark_oak_sapling":59,"minecraft:raw_iron":81,"byg:raw_pendorite":3,"minecraft:copper_ingot":1,"minecraft:carrot":11,"byg:brimstone":1,"byg:biomepedia":4,"minecraft:arrow":14,"iceandfire:dragonscales_silver":17,"minecraft:diamond_boots":2,"byg:blue_netherrack":28,"minecraft:gold_ingot":7,"minecraft:mutton":6,"minecraft:white_wool":3,"minecraft:lime_bed":3,"minecraft:basalt":2,"minecraft:glow_ink_sac":2,"minecraft:crimson_stem":6,"minecraft:salmon":9,"minecraft:leather":11,"minecraft:filled_map":3,"minecraft:oak_log":59,"minecraft:chainmail_chestplate":1,"farmersdelight:flint_knife":3,"minecraft:paper":10,"irons_spellbooks:rare_ink":5,"irons_spellbooks:common_ink":6,"minecraft:red_carpet":5,"minecraft:apple":7,"minecraft:warped_stem":29,"minecraft:rabbit_hide":1,"minecraft:iron_ingot":14,"minecraft:cobweb":2,"minecraft:book":31,"minecraft:smooth_basalt":4,"minecraft:pumpkin":68,"iceandfire:ash":1,"minecraft:quartz":12,"minecraft:dandelion":1,"minecraft:gravel":50,"minecraft:spruce_sapling":82,"minecraft:white_bed":2,"minecraft:spruce_log":286,"minecraft:spruce_door":1,"minecraft:spider_eye":3,"minecraft:stone_axe":5,"evilcraft:dark_gem":5,"minecraft:gray_wool":3,"iceandfire:ice_dragon_flesh":1,"minecraft:baked_potato":8,"minecraft:coal":120},"minecraft:broken":{"minecraft:iron_chestplate":1,"minecraft:stone_pickaxe":1,"minecraft:iron_sword":1,"minecraft:shield":1,"minecraft:iron_axe":2},"minecraft:killed_by":{"irons_spellbooks:cryomancer":3,"iceandfire:ice_dragon":6,"iceandfire:fire_dragon":2},"minecraft:crafted":{"minecraft:oak_planks":12,"minecraft:cobblestone_slab":6,"minecraft:dark_oak_boat":1,"minecraft:bookshelf":1,"minecraft:bow":6,"minecraft:chest":3,"minecraft:smoker":1,"minecraft:oak_slab":6,"sophisticatedbackpacks:backpack":1,"minecraft:emerald":45,"minecraft:crafting_table":5,"minecraft:wooden_pickaxe":1,"minecraft:baked_potato":21,"farmersdelight:cutting_board":1,"farmersdelight:golden_knife":1,"minecraft:yellow_dye":1,"minecraft:shield":1,"sophisticatedbackpacks:diamond_backpack":1,"minecraft:stick":8,"minecraft:iron_ingot":80,"minecraft:iron_pickaxe":1,"minecraft:light_gray_dye":2,"minecraft:furnace":2,"minecraft:iron_axe":8,"minecraft:stone_pickaxe":11,"minecraft:diamond_boots":1,"minecraft:spruce_boat":1,"sophisticatedbackpacks:iron_backpack":1,"minecraft:cooked_beef":12,"minecraft:red_dye":1,"minecraft:crossbow":2,"farmersdelight:cooked_mutton_chops":2,"minecraft:enchanting_table":1,"minecraft:iron_sword":3,"sophisticatedbackpacks:gold_backpack":1,"minecraft:bucket":1,"minecraft:stone_axe":1,"minecraft:air":2101,"minecraft:white_bed":1,"minecraft:torch":12},"minecraft:custom":{"minecraft:interact_with_crafting_table":40,"minecraft:open_barrel":8,"minecraft:bell_ring":1,"minecraft:eat_cake_slice":3,"minecraft:leave_game":13,"minecraft:time_since_death":20377,"minecraft:sprint_one_cm":1488753,"minecraft:damage_blocked_by_shield":620,"minecraft:drop":142,"minecraft:talked_to_villager":241,"minecraft:play_time":424506,"minecraft:deaths":17,"minecraft:jump":9024,"minecraft:interact_with_brewingstand":1,"minecraft:walk_on_water_one_cm":35057,"minecraft:interact_with_furnace":19,"minecraft:traded_with_villager":70,"minecraft:interact_with_cartography_table":1,"minecraft:sleep_in_bed":24,"minecraft:waystone_activated":2,"minecraft:damage_dealt":32109,"minecraft:crouch_one_cm":32191,"minecraft:interact_with_smoker":10,"minecraft:interact_with_smithing_table":5,"minecraft:mob_kills":164,"minecraft:climb_one_cm":41612,"minecraft:walk_one_cm":685744,"minecraft:sneak_time":15397,"minecraft:walk_under_water_one_cm":44073,"minecraft:boat_one_cm":330584,"minecraft:total_world_time":424506,"minecraft:time_since_rest":7725,"minecraft:damage_absorbed":40,"minecraft:damage_taken":10603,"minecraft:trigger_trapped_chest":1,"minecraft:swim_one_cm":62823,"minecraft:fly_one_cm":1762037,"minecraft:open_chest":387,"minecraft:fall_one_cm":267326},"minecraft:used":{"irons_spellbooks:inscription_table":3,"minecraft:poppy":2,"minecraft:chest":8,"minecraft:shield":65,"minecraft:iron_sword":620,"minecraft:rotten_flesh":21,"minecraft:iron_chestplate":1,"minecraft:carrot":18,"minecraft:azure_bluet":1,"minecraft:obsidian":17,"minecraft:spruce_boat":7,"minecraft:bricks":1,"minecraft:birch_sapling":2,"iceandfire:ghost_chest":1,"minecraft:iron_helmet":1,"farmersdelight:cutting_board":1,"minecraft:bow":65,"minecraft:dark_oak_boat":1,"minecraft:sweet_berries":16,"minecraft:oak_sapling":8,"minecraft:furnace":3,"minecraft:egg":2,"minecraft:mossy_stone_bricks":1,"minecraft:spruce_door":1,"minecraft:stone_pickaxe":131,"minecraft:oak_planks":29,"minecraft:wooden_pickaxe":10,"farmersdelight:pumpkin_slice":38,"minecraft:golden_apple":2,"byg:quartzite_sand":1,"minecraft:bread":21,"minecraft:lectern":77,"iceandfire:ice_dragon_flesh":1,"minecraft:gravel":44,"iceandfire:chared_cobblestone":1,"byg:embur_wart":1,"minecraft:smithing_table":2,"minecraft:birch_log":5,"alexsmobs:leafcutter_ant_chamber":4,"minecraft:iron_bars":8,"minecraft:flint_and_steel":2,"minecraft:spruce_planks":197,"minecraft:stick":1,"minecraft:torch":56,"minecraft:dirt":24,"sophisticatedbackpacks:netherite_backpack":1,"byg:lush_dirt":1,"minecraft:iron_axe":705,"evilcraft:flesh_humanoid":1,"minecraft:barrel":1,"byg:blue_netherrack":28,"farmersdelight:cooked_mutton_chops":2,"minecraft:cooked_beef":25,"minecraft:cobbled_deepslate":3,"minecraft:light_gray_bed":5,"minecraft:water_bucket":35,"minecraft:glass_bottle":1,"minecraft:baked_potato":32,"minecraft:cartography_table":9,"minecraft:cauldron":1,"minecraft:fletching_table":4,"minecraft:cobblestone_slab":3,"minecraft:leather_boots":1,"farmersdelight:onion":16,"minecraft:oak_slab":6,"minecraft:lime_bed":3,"minecraft:crafting_table":7,"minecraft:white_bed":2,"minecraft:spruce_log":95,"minecraft:smoker":3,"minecraft:book":1,"minecraft:diamond_pickaxe":195,"minecraft:apple":18,"minecraft:diamond_shovel":2,"minecraft:iron_pickaxe":137,"minecraft:map":1,"minecraft:stone_slab":4,"iceandfire:ash":1,"minecraft:stone_axe":70,"minecraft:fishing_rod":9,"minecraft:cobblestone":14,"minecraft:potion":1,"minecraft:cooked_porkchop":4,"minecraft:bucket":36,"minecraft:pumpkin_pie":1,"alexsmobs:animal_dictionary":1}},"DataVersion":2975}