{"stats":{"minecraft:crafted":{"farmersdelight:cooked_mutton_chops":2,"minecraft:emerald":5,"minecraft:crafting_table":3,"minecraft:wooden_pickaxe":1,"minecraft:iron_sword":1,"minecraft:furnace":2,"minecraft:stone_axe":1,"minecraft:air":195,"minecraft:shield":1,"minecraft:iron_axe":1,"minecraft:stick":4,"minecraft:iron_pickaxe":1,"minecraft:iron_ingot":47,"minecraft:stone_pickaxe":1,"minecraft:smoker":1},"minecraft:custom":{"minecraft:interact_with_smithing_table":1,"minecraft:interact_with_furnace":6,"minecraft:mob_kills":4,"minecraft:traded_with_villager":5,"minecraft:interact_with_crafting_table":16,"minecraft:open_barrel":4,"minecraft:leave_game":7,"minecraft:time_since_death":37813,"minecraft:sleep_in_bed":5,"minecraft:climb_one_cm":8620,"minecraft:time_since_rest":0,"minecraft:waystone_activated":1,"minecraft:sprint_one_cm":132638,"minecraft:damage_taken":1541,"minecraft:walk_one_cm":78724,"minecraft:drop":6,"minecraft:damage_dealt":1496,"minecraft:talked_to_villager":4,"minecraft:fly_one_cm":126214,"minecraft:open_chest":39,"minecraft:crouch_one_cm":9525,"minecraft:play_time":48904,"minecraft:deaths":4,"minecraft:sneak_time":4284,"minecraft:jump":851,"minecraft:interact_with_smoker":2,"minecraft:total_world_time":48904,"minecraft:fall_one_cm":23110},"minecraft:killed_by":{"irons_spellbooks:cryomancer":3},"minecraft:used":{"minecraft:stone_pickaxe":131,"minecraft:wooden_pickaxe":10,"minecraft:chest":4,"minecraft:cauldron":1,"minecraft:leather_boots":1,"minecraft:iron_chestplate":1,"minecraft:stick":1,"minecraft:dirt":1,"minecraft:crafting_table":4,"minecraft:spruce_log":8,"minecraft:smoker":1,"minecraft:azure_bluet":1,"minecraft:iron_axe":27,"minecraft:bread":5,"minecraft:iron_pickaxe":26,"minecraft:iron_helmet":1,"minecraft:stone_slab":4,"minecraft:barrel":1,"minecraft:stone_axe":70,"minecraft:cobblestone":1,"minecraft:sweet_berries":16,"minecraft:furnace":2,"minecraft:birch_log":5,"farmersdelight:cooked_mutton_chops":2,"minecraft:light_gray_bed":2},"minecraft:killed":{"irons_spellbooks:cryomancer":1,"alexsmobs:bald_eagle":1,"minecraft:skeleton":2},"minecraft:dropped":{"minecraft:stone_axe":1,"minecraft:stick":2,"gravestone:obituary":4},"minecraft:picked_up":{"minecraft:birch_log":45,"minecraft:crafting_table":1,"minecraft:azure_bluet":1,"minecraft:nether_wart":14,"minecraft:smithing_table":1,"minecraft:stone_slab":4,"minecraft:brewing_stand":1,"minecraft:dirt":1,"minecraft:paper":10,"minecraft:stone_stairs":2,"irons_spellbooks:rare_ink":1,"irons_spellbooks:common_ink":6,"minecraft:red_carpet":5,"minecraft:bone":1,"irons_spellbooks:arcane_essence":3,"minecraft:chest":2,"minecraft:birch_sapling":2,"irons_spellbooks:inscription_table":1,"minecraft:furnace":1,"minecraft:book":3,"minecraft:raw_iron":47,"minecraft:stick":11,"irons_spellbooks:legendary_ink":1,"minecraft:spruce_sapling":5,"minecraft:spruce_log":28,"minecraft:barrel":1,"minecraft:cauldron":1,"irons_spellbooks:ice_rune":1,"minecraft:arrow":1,"minecraft:light_gray_bed":2,"minecraft:stone_axe":1,"minecraft:gold_ingot":1,"minecraft:coal":85,"minecraft:cobblestone":27,"irons_spellbooks:scroll":1},"minecraft:mined":{"minecraft:smithing_table":1,"minecraft:red_carpet":5,"minecraft:dark_oak_leaves":1,"minecraft:brewing_stand":1,"minecraft:crafting_table":1,"gravestone:gravestone":4,"minecraft:grass_block":1,"minecraft:chest":2,"minecraft:light_gray_bed":2,"minecraft:stone_slab":5,"minecraft:cobblestone":6,"minecraft:nether_wart":4,"minecraft:cauldron":1,"minecraft:furnace":1,"minecraft:birch_log":45,"minecraft:iron_ore":47,"minecraft:barrel":1,"minecraft:blue_ice":1,"minecraft:spruce_log":28,"minecraft:birch_leaves":2,"minecraft:bookshelf":1,"supplementaries:stick":1,"minecraft:coal_ore":85,"irons_spellbooks:inscription_table":1,"minecraft:stone":19},"minecraft:broken":{"minecraft:stone_pickaxe":1}},"DataVersion":2975}