{"stats":{"minecraft:mined":{"minecraft:dark_oak_leaves":1,"minecraft:birch_log":7,"minecraft:barrel":1,"minecraft:blue_ice":1,"minecraft:birch_leaves":1,"gravestone:gravestone":4,"minecraft:bookshelf":1,"supplementaries:stick":1,"minecraft:cobblestone":3,"irons_spellbooks:inscription_table":1,"minecraft:nether_wart":4,"minecraft:cauldron":1},"minecraft:custom":{"minecraft:time_since_rest":1619,"minecraft:sprint_one_cm":43588,"minecraft:damage_taken":1162,"minecraft:walk_one_cm":20856,"minecraft:mob_kills":2,"minecraft:drop":5,"minecraft:damage_dealt":1046,"minecraft:interact_with_crafting_table":2,"minecraft:fly_one_cm":37245,"minecraft:open_barrel":1,"minecraft:open_chest":2,"minecraft:play_time":12683,"minecraft:crouch_one_cm":1774,"minecraft:deaths":4,"minecraft:sneak_time":719,"minecraft:jump":292,"minecraft:leave_game":3,"minecraft:time_since_death":1592,"minecraft:climb_one_cm":4702,"minecraft:total_world_time":12683,"minecraft:fall_one_cm":9817},"minecraft:killed":{"minecraft:skeleton":1,"irons_spellbooks:cryomancer":1},"minecraft:killed_by":{"irons_spellbooks:cryomancer":3},"minecraft:picked_up":{"minecraft:book":3,"minecraft:birch_log":7,"minecraft:stick":1,"minecraft:azure_bluet":1,"minecraft:nether_wart":14,"irons_spellbooks:legendary_ink":1,"irons_spellbooks:rare_ink":1,"minecraft:barrel":1,"minecraft:cauldron":1,"minecraft:paper":10,"irons_spellbooks:ice_rune":1,"irons_spellbooks:common_ink":6,"minecraft:arrow":1,"minecraft:bone":1,"minecraft:stone_axe":1,"irons_spellbooks:arcane_essence":3,"irons_spellbooks:inscription_table":1,"minecraft:cobblestone":3,"irons_spellbooks:scroll":1},"minecraft:crafted":{"minecraft:crafting_table":1,"minecraft:stick":4,"minecraft:wooden_pickaxe":1,"minecraft:stone_axe":1,"minecraft:air":28},"minecraft:used":{"minecraft:wooden_pickaxe":5,"minecraft:leather_boots":1,"minecraft:stick":1,"minecraft:stone_axe":15,"minecraft:crafting_table":1,"minecraft:azure_bluet":1},"minecraft:dropped":{"minecraft:stone_axe":1,"gravestone:obituary":4}},"DataVersion":2975}