{"stats":{"minecraft:mined":{"minecraft:red_carpet":5,"minecraft:spruce_planks":24,"minecraft:oak_sapling":1,"minecraft:dark_oak_leaves":5,"byg:beach_grass":1,"farmersdelight:wild_carrots":12,"alexsmobs:leafcutter_anthill":1,"minecraft:dark_oak_log":37,"minecraft:red_nether_bricks":1,"minecraft:brewing_stand":1,"minecraft:obsidian":13,"minecraft:nether_bricks":8,"gravestone:gravestone":4,"minecraft:grass_block":11,"minecraft:light_gray_bed":5,"alexsmobs:leafcutter_ant_chamber":5,"minecraft:spruce_leaves":7,"minecraft:moss_block":2,"minecraft:cartography_table":9,"minecraft:nether_wart":4,"minecraft:spawner":22,"minecraft:gilded_blackstone":17,"farmersdelight:wild_onions":15,"minecraft:glowstone":1,"minecraft:furnace":1,"minecraft:iron_ore":57,"minecraft:barrel":2,"minecraft:fire":6,"evilcraft:dark_ore":1,"minecraft:fletching_table":4,"minecraft:gold_block":3,"minecraft:bookshelf":9,"supplementaries:stick":1,"minecraft:iron_bars":14,"minecraft:bamboo":13,"irons_spellbooks:inscription_table":4,"minecraft:stone":43,"byg:cypress_leaves":1,"minecraft:smithing_table":2,"supplementaries:book_pile_horizontal":1,"beyond_earth:sky_stone":1,"byg:jacaranda_bush":1,"minecraft:blackstone":7,"minecraft:smoker":4,"minecraft:soul_fire":1,"minecraft:clay":1,"minecraft:torch":3,"minecraft:crafting_table":1,"minecraft:chest":2,"minecraft:lectern":51,"minecraft:stone_slab":5,"minecraft:tall_grass":16,"minecraft:cobblestone":7,"minecraft:oak_planks":11,"minecraft:bricks":1,"minecraft:wall_torch":1,"minecraft:cauldron":2,"minecraft:coarse_dirt":3,"minecraft:lime_bed":3,"byg:soapstone":1,"minecraft:nether_wart_block":1,"minecraft:birch_log":45,"minecraft:blue_ice":1,"minecraft:spruce_log":195,"minecraft:jukebox":1,"minecraft:birch_leaves":2,"minecraft:grass":44,"minecraft:coal_ore":108,"minecraft:oak_log":46,"minecraft:gravel":50,"minecraft:loom":1,"minecraft:dirt":8,"minecraft:smooth_basalt":4,"minecraft:wither_skeleton_skull":1,"minecraft:netherrack":4,"minecraft:oak_leaves":2,"minecraft:deepslate":4,"minecraft:fern":9},"minecraft:custom":{"minecraft:interact_with_smithing_table":3,"minecraft:mob_kills":127,"minecraft:interact_with_crafting_table":32,"minecraft:open_barrel":5,"minecraft:bell_ring":1,"minecraft:eat_cake_slice":3,"minecraft:leave_game":9,"minecraft:time_since_death":266485,"minecraft:climb_one_cm":35514,"minecraft:sprint_one_cm":1055059,"minecraft:walk_one_cm":447106,"minecraft:damage_blocked_by_shield":620,"minecraft:drop":117,"minecraft:talked_to_villager":197,"minecraft:play_time":277576,"minecraft:deaths":4,"minecraft:sneak_time":10092,"minecraft:walk_under_water_one_cm":6466,"minecraft:jump":5727,"minecraft:walk_on_water_one_cm":12762,"minecraft:total_world_time":277576,"minecraft:interact_with_furnace":12,"minecraft:traded_with_villager":69,"minecraft:interact_with_cartography_table":1,"minecraft:sleep_in_bed":17,"minecraft:time_since_rest":17646,"minecraft:waystone_activated":1,"minecraft:damage_absorbed":40,"minecraft:damage_taken":5712,"minecraft:damage_dealt":24786,"minecraft:swim_one_cm":18440,"minecraft:fly_one_cm":1095166,"minecraft:open_chest":261,"minecraft:crouch_one_cm":18638,"minecraft:interact_with_smoker":10,"minecraft:fall_one_cm":162842},"minecraft:killed":{"minecraft:cave_spider":11,"minecraft:spider":8,"irons_spellbooks:cryomancer":1,"alexsmobs:bald_eagle":1,"minecraft:skeleton":21,"alexsmobs:leafcutter_ant":4,"minecraft:silverfish":4,"minecraft:zombie_villager":2,"minecraft:iron_golem":4,"minecraft:sheep":4,"minecraft:zombie":45,"minecraft:stray":1,"alexsmobs:fly":1,"minecraft:wither_skeleton":7,"minecraft:villager":5,"minecraft:cow":5},"minecraft:killed_by":{"irons_spellbooks:cryomancer":3},"minecraft:picked_up":{"irons_spellbooks:scroll":26,"minecraft:coarse_dirt":3,"minecraft:crafting_table":1,"minecraft:wheat":6,"minecraft:azure_bluet":1,"minecraft:nether_wart":70,"minecraft:smithing_table":2,"minecraft:stone_slab":4,"minecraft:wooden_pickaxe":4,"minecraft:gold_block":3,"minecraft:enchanted_book":4,"minecraft:birch_button":1,"minecraft:gilded_blackstone":12,"minecraft:brewing_stand":5,"minecraft:string":21,"minecraft:stone_stairs":2,"minecraft:iron_axe":2,"minecraft:iron_leggings":6,"minecraft:compass":4,"minecraft:blackstone":7,"irons_spellbooks:arcane_essence":55,"minecraft:diamond_leggings":1,"minecraft:cartography_table":9,"minecraft:cobbled_deepslate":3,"minecraft:spruce_planks":24,"minecraft:beef":12,"minecraft:poppy":4,"minecraft:light_gray_wool":1,"minecraft:lectern":51,"minecraft:chest":10,"minecraft:birch_sapling":4,"irons_spellbooks:inscription_table":4,"minecraft:furnace":2,"alexsmobs:leafcutter_ant_chamber":4,"minecraft:egg":3,"minecraft:tipped_arrow":1,"minecraft:dark_oak_sapling":33,"minecraft:stick":52,"minecraft:raw_iron":65,"minecraft:jukebox":1,"minecraft:torch":6,"beyond_earth:sky_stone":1,"minecraft:carrot":11,"minecraft:cauldron":2,"byg:biomepedia":4,"minecraft:arrow":11,"minecraft:light_gray_bed":5,"minecraft:rotten_flesh":24,"farmersdelight:onion":86,"minecraft:diamond_boots":2,"minecraft:gold_ingot":7,"evilcraft:condensed_blood":160,"minecraft:obsidian":37,"minecraft:mutton":6,"minecraft:iron_bars":5,"minecraft:white_wool":3,"minecraft:cobblestone":58,"minecraft:birch_log":45,"minecraft:lime_bed":3,"farmersdelight:rice":24,"minecraft:salmon":9,"minecraft:leather":4,"minecraft:smoker":5,"minecraft:potato":84,"minecraft:filled_map":3,"minecraft:flint":6,"minecraft:oak_log":44,"minecraft:chainmail_chestplate":1,"minecraft:wither_skeleton_skull":2,"farmersdelight:flint_knife":3,"minecraft:map":1,"minecraft:lapis_lazuli":12,"minecraft:dirt":25,"minecraft:paper":10,"irons_spellbooks:rare_ink":5,"irons_spellbooks:common_ink":6,"minecraft:red_carpet":5,"minecraft:bone":12,"minecraft:apple":3,"minecraft:wheat_seeds":6,"minecraft:rabbit_hide":1,"minecraft:iron_ingot":14,"minecraft:fletching_table":4,"byg:cypress_sapling":1,"minecraft:glowstone_dust":2,"minecraft:bamboo":13,"minecraft:oak_planks":8,"minecraft:book":31,"minecraft:smooth_basalt":4,"irons_spellbooks:frozen_bone":3,"minecraft:cooked_porkchop":2,"irons_spellbooks:legendary_ink":2,"minecraft:gravel":44,"minecraft:spruce_sapling":56,"minecraft:spruce_log":194,"minecraft:loom":1,"minecraft:dark_oak_log":38,"minecraft:spider_eye":2,"minecraft:barrel":2,"alexsmobs:animal_dictionary":4,"irons_spellbooks:ice_rune":1,"minecraft:diamond":1,"minecraft:stone_axe":5,"irons_spellbooks:divine_pearl":3,"bossominium:the_bossdexium":1,"evilcraft:dark_gem":5,"minecraft:gray_wool":3,"minecraft:emerald":59,"minecraft:baked_potato":8,"minecraft:oak_sapling":7,"minecraft:netherrack":1,"minecraft:bricks":1,"minecraft:coal":119},"minecraft:crafted":{"minecraft:oak_planks":12,"minecraft:cobblestone_slab":6,"minecraft:furnace":2,"minecraft:bow":6,"minecraft:iron_axe":8,"minecraft:stone_pickaxe":11,"minecraft:chest":3,"minecraft:diamond_boots":1,"sophisticatedbackpacks:iron_backpack":1,"minecraft:smoker":1,"minecraft:cooked_beef":8,"minecraft:oak_slab":6,"minecraft:crossbow":2,"minecraft:enchanting_table":1,"sophisticatedbackpacks:backpack":1,"farmersdelight:cooked_mutton_chops":2,"minecraft:emerald":45,"minecraft:crafting_table":3,"minecraft:wooden_pickaxe":1,"minecraft:baked_potato":21,"minecraft:iron_sword":2,"sophisticatedbackpacks:gold_backpack":1,"minecraft:stone_axe":1,"minecraft:air":1742,"sophisticatedbackpacks:diamond_backpack":1,"minecraft:shield":1,"minecraft:stick":4,"minecraft:iron_pickaxe":1,"minecraft:iron_ingot":64,"minecraft:torch":12},"minecraft:used":{"minecraft:iron_bars":4,"minecraft:flint_and_steel":1,"minecraft:chest":8,"minecraft:spruce_planks":125,"minecraft:poppy":2,"minecraft:shield":12,"minecraft:iron_sword":472,"minecraft:rotten_flesh":17,"minecraft:stick":1,"minecraft:iron_chestplate":1,"minecraft:torch":55,"minecraft:dirt":18,"minecraft:carrot":18,"minecraft:obsidian":2,"minecraft:azure_bluet":1,"minecraft:bricks":1,"minecraft:iron_axe":440,"minecraft:birch_sapling":2,"minecraft:iron_helmet":1,"minecraft:barrel":1,"minecraft:sweet_berries":16,"minecraft:oak_sapling":6,"minecraft:furnace":3,"minecraft:egg":2,"farmersdelight:cooked_mutton_chops":2,"minecraft:cooked_beef":19,"minecraft:cobbled_deepslate":3,"minecraft:light_gray_bed":5,"minecraft:baked_potato":32,"minecraft:oak_planks":29,"minecraft:stone_pickaxe":131,"minecraft:cartography_table":9,"minecraft:cauldron":1,"minecraft:wooden_pickaxe":10,"minecraft:fletching_table":4,"minecraft:cobblestone_slab":3,"minecraft:leather_boots":1,"minecraft:golden_apple":1,"minecraft:oak_slab":6,"minecraft:lime_bed":3,"minecraft:crafting_table":4,"minecraft:book":1,"minecraft:spruce_log":71,"minecraft:smoker":3,"minecraft:diamond_pickaxe":64,"minecraft:apple":14,"minecraft:bread":19,"minecraft:iron_pickaxe":137,"minecraft:map":1,"minecraft:lectern":51,"minecraft:gravel":44,"minecraft:stone_slab":4,"minecraft:stone_axe":70,"minecraft:cobblestone":9,"minecraft:cooked_porkchop":2,"minecraft:smithing_table":2,"minecraft:birch_log":5,"minecraft:pumpkin_pie":1,"alexsmobs:animal_dictionary":1,"alexsmobs:leafcutter_ant_chamber":4,"irons_spellbooks:inscription_table":3},"minecraft:broken":{"minecraft:stone_pickaxe":1,"minecraft:iron_axe":1,"minecraft:iron_sword":1},"minecraft:dropped":{"minecraft:enchanted_book":3,"byg:biomepedia":3,"minecraft:bread":4,"minecraft:lapis_lazuli":9,"irons_spellbooks:rare_ink":3,"minecraft:wheat_seeds":2,"minecraft:baked_potato":1,"evilcraft:condensed_blood":120,"minecraft:cooked_porkchop":1,"farmersdelight:rice":18,"minecraft:stick":2,"irons_spellbooks:scroll":18,"minecraft:brewing_stand":3,"minecraft:iron_leggings":4,"irons_spellbooks:arcane_essence":39,"gravestone:obituary":4,"farmersdelight:onion":56,"minecraft:iron_axe":2,"irons_spellbooks:frozen_bone":3,"minecraft:stone_axe":4,"minecraft:compass":3,"minecraft:nether_wart":42,"alexsmobs:animal_dictionary":3,"minecraft:obsidian":18,"minecraft:rotten_flesh":2,"minecraft:iron_boots":1,"minecraft:salmon":6,"minecraft:chainmail_chestplate":1,"minecraft:filled_map":3,"minecraft:rabbit_hide":1,"minecraft:potato":63,"minecraft:tipped_arrow":1,"farmersdelight:flint_knife":2,"minecraft:chest":6,"minecraft:oak_sapling":1,"minecraft:spider_eye":1,"minecraft:spruce_log":1,"minecraft:birch_button":1,"minecraft:wooden_pickaxe":3,"minecraft:netherrack":1,"minecraft:egg":1}},"DataVersion":2975}