{"stats":{"minecraft:used":{"minecraft:oak_log":4,"minecraft:stone_sword":59,"minecraft:stone_pickaxe":73,"minecraft:wooden_pickaxe":3,"byg:orange_daisy":1,"byg:rose":1,"minecraft:stone_axe":49,"minecraft:crafting_table":1,"minecraft:furnace":1,"minecraft:cooked_porkchop":5,"byg:yellow_daffodil":1},"minecraft:custom":{"minecraft:time_since_rest":17710,"minecraft:interact_with_furnace":2,"minecraft:sprint_one_cm":61312,"minecraft:damage_taken":450,"minecraft:walk_one_cm":42468,"minecraft:mob_kills":19,"minecraft:drop":1,"minecraft:damage_dealt":2806,"minecraft:swim_one_cm":3393,"minecraft:interact_with_crafting_table":3,"minecraft:fly_one_cm":96382,"minecraft:crouch_one_cm":6632,"minecraft:play_time":17710,"minecraft:sneak_time":2611,"minecraft:walk_under_water_one_cm":1471,"minecraft:jump":456,"minecraft:walk_on_water_one_cm":6383,"minecraft:time_since_death":17710,"minecraft:total_world_time":17710,"minecraft:fall_one_cm":14039},"minecraft:dropped":{"minecraft:cooked_porkchop":1},"minecraft:crafted":{"minecraft:cooked_porkchop":2,"minecraft:wooden_pickaxe":1,"minecraft:stone_sword":1,"minecraft:furnace":1,"minecraft:torch":4,"minecraft:stone_axe":1,"minecraft:air":38},"minecraft:killed":{"minecraft:skeleton":1,"iceandfire:ghost":2,"minecraft:zombie":6,"minecraft:pig":4,"minecraft:spider":1,"minecraft:creeper":1,"minecraft:cow":3},"minecraft:mined":{"minecraft:magma_block":8,"minecraft:furnace":1,"byg:yellow_daffodil":2,"farmersdelight:wild_carrots":6,"minecraft:basalt":2,"byg:leaf_pile":1,"minecraft:grass":68,"minecraft:oak_log":44,"minecraft:grass_block":8,"minecraft:coal_ore":31,"byg:aspen_log":7,"byg:rose":1,"minecraft:dirt":14,"byg:orange_daisy":1,"minecraft:stone":33,"minecraft:sugar_cane":1,"minecraft:oak_leaves":5,"minecraft:gilded_blackstone":1},"minecraft:picked_up":{"byg:yellow_daffodil":2,"minecraft:magma_block":7,"minecraft:stick":4,"minecraft:basalt":2,"minecraft:cooked_porkchop":6,"minecraft:leather":4,"byg:orange_daisy":1,"minecraft:porkchop":8,"minecraft:gilded_blackstone":1,"minecraft:oak_log":42,"iceandfire:ectoplasm":1,"minecraft:gunpowder":2,"minecraft:carrot":6,"minecraft:dirt":22,"byg:aspen_sapling":3,"minecraft:bone":2,"minecraft:arrow":1,"minecraft:rotten_flesh":5,"byg:aspen_log":7,"minecraft:wheat_seeds":7,"minecraft:beef":6,"minecraft:sugar_cane":3,"minecraft:coal":31,"byg:rose":1,"minecraft:cobblestone":33,"minecraft:furnace":1}},"DataVersion":2975}