{"stats":{"minecraft:dropped":{"minecraft:stone_axe":1,"gravestone:obituary":4},"minecraft:used":{"minecraft:bread":2,"minecraft:wooden_pickaxe":9,"minecraft:stick":1,"minecraft:leather_boots":1,"minecraft:stone_axe":65,"minecraft:sweet_berries":6,"minecraft:crafting_table":1,"minecraft:birch_log":5,"minecraft:azure_bluet":1},"minecraft:mined":{"minecraft:red_carpet":5,"minecraft:dark_oak_leaves":1,"minecraft:birch_log":45,"minecraft:barrel":1,"minecraft:blue_ice":1,"minecraft:spruce_log":1,"minecraft:birch_leaves":2,"minecraft:brewing_stand":1,"gravestone:gravestone":4,"minecraft:bookshelf":1,"supplementaries:stick":1,"minecraft:cobblestone":6,"irons_spellbooks:inscription_table":1,"minecraft:nether_wart":4,"minecraft:cauldron":1},"minecraft:killed":{"minecraft:skeleton":2,"irons_spellbooks:cryomancer":1,"alexsmobs:bald_eagle":1},"minecraft:crafted":{"minecraft:crafting_table":1,"minecraft:stick":4,"minecraft:wooden_pickaxe":1,"minecraft:stone_axe":1,"minecraft:air":28},"minecraft:killed_by":{"irons_spellbooks:cryomancer":3},"minecraft:picked_up":{"minecraft:book":3,"irons_spellbooks:scroll":1,"minecraft:birch_log":45,"minecraft:stick":3,"minecraft:azure_bluet":1,"minecraft:nether_wart":14,"irons_spellbooks:legendary_ink":1,"minecraft:brewing_stand":1,"minecraft:spruce_log":1,"minecraft:stone_stairs":2,"minecraft:barrel":1,"minecraft:cauldron":1,"minecraft:paper":10,"irons_spellbooks:rare_ink":1,"irons_spellbooks:ice_rune":1,"irons_spellbooks:common_ink":6,"minecraft:red_carpet":5,"minecraft:bone":1,"minecraft:arrow":1,"minecraft:stone_axe":1,"irons_spellbooks:arcane_essence":3,"minecraft:birch_sapling":2,"irons_spellbooks:inscription_table":1,"minecraft:cobblestone":8},"minecraft:custom":{"minecraft:damage_taken":1441,"minecraft:sprint_one_cm":75567,"minecraft:walk_one_cm":32913,"minecraft:mob_kills":4,"minecraft:drop":5,"minecraft:damage_dealt":1406,"minecraft:interact_with_crafting_table":2,"minecraft:fly_one_cm":74609,"minecraft:talked_to_villager":1,"minecraft:open_barrel":1,"minecraft:open_chest":8,"minecraft:play_time":21328,"minecraft:crouch_one_cm":2487,"minecraft:deaths":4,"minecraft:sneak_time":1276,"minecraft:jump":487,"minecraft:leave_game":6,"minecraft:time_since_death":10237,"minecraft:sleep_in_bed":2,"minecraft:total_world_time":21328,"minecraft:climb_one_cm":6368,"minecraft:fall_one_cm":12234,"minecraft:time_since_rest":505}},"DataVersion":2975}